Date,Open,High,Low,Close,Volume,SentimentScore,AdvancedPrediction,IsTrainingData,PredictionError,AbsoluteError
2023-01-03,122.0674813010394,125.5957334767096,121.53078897224552,123.97571563720705,35528500,0.0,,True,,
2023-01-04,126.59954813929444,128.25932191868313,125.07892356487793,126.58961486816406,32397100,0.0,,True,,
2023-01-05,125.35721196250984,127.73257565871369,123.7769573657536,126.1622543334961,25447100,-0.49735499247908593,,True,,
2023-01-06,128.179788580679,129.53145632553807,125.267740692767,129.22335815429688,27584500,-0.7854187488555908,,True,,
2023-01-09,130.3563904027696,132.13541645576194,128.48790425134828,128.67674255371094,26649100,0.0565287321805954,,True,,
2023-01-10,126.49022335284872,132.62242600945103,126.37096343633544,132.17518615722656,28684400,0.07612995182474451,,True,,
2023-01-11,130.1576377150046,133.02993058511953,129.54142603389022,132.0758056640625,25423000,-0.23638667042056719,,True,,
2023-01-12,132.62242164142668,136.8364336493006,130.95270703873578,135.8723907470703,30757700,-0.24748403988778594,,True,,
2023-01-13,134.143037322462,136.5482081142018,134.0138289821679,136.14071655273438,22423800,-0.15408377349376676,,True,,
2023-01-17,135.34563826291023,135.912153237651,133.4274703631053,134.53067016601562,21147600,-0.8736390173435211,,True,,
2023-01-18,134.97790106165695,136.40908072853546,131.9863485394316,132.2050018310547,20215500,0.2652637213468551,,True,,
2023-01-19,131.67826212905086,136.60786457376756,131.3304004524365,135.31582641601562,28625200,-0.4478026460856199,,True,,
2023-01-20,135.05740878002345,139.08259768412512,133.78525248338724,138.51608276367188,28688600,-0.12472272043426831,,True,,
2023-01-23,138.43658581728528,142.87920005678816,137.81045603873784,142.3922119140625,27470100,-0.3741159997880459,,True,,
2023-01-24,140.82185726157238,144.1115742190211,140.4938773762727,142.26296997070312,21970200,0.12669694470241663,,True,,
2023-01-25,140.35475813154815,142.2928076122308,139.450329985463,140.63304138183594,26622000,0.2590402215719223,,True,,
2023-01-26,143.51525074406055,146.60619628612716,142.4219995766798,146.39749145507812,25482100,-0.153821430302092,,True,,
2023-01-27,147.33173213713678,152.2514002255982,146.48693406025146,150.81028747558594,35771900,-0.14434310048818588,,True,,
2023-01-30,148.49457376224427,150.19408815910592,146.04963942401824,146.15896606445312,28040100,0.13670932874083513,,True,,
2023-01-31,147.04351150022737,148.96169433075357,146.6161533774126,148.05726623535156,29842100,-0.25756370897094416,,True,,
2023-02-01,147.12302872377973,152.63902727227818,146.15897063668632,152.1818389892578,55661000,0.03482980467379087,162.5097198486328,True,10.327880859375,10.327880859375
2023-02-02,182.25644348378052,195.95201280351327,179.05617107199924,187.6134185791016,150475700,0.20287363727887472,163.86341857910156,True,-23.75000000000003,23.75000000000003
2023-02-03,182.3458967715445,195.5644118824682,181.76944856034305,185.38714599609372,76809700,0.20336514762179414,167.63133239746094,True,-17.755813598632784,17.755813598632784
2023-02-06,185.38711966745257,189.531568038323,184.38331345007404,184.9199981689453,42483800,0.0,170.48248291015625,True,-14.437515258789062,14.437515258789062
2023-02-07,184.44296668177904,192.5927228461969,183.27018856984475,190.44595336914065,47080700,-0.22218446014449,171.83792114257812,True,-18.60803222656253,18.60803222656253
2023-02-08,188.8358748844132,189.66079131558624,181.79925204256867,182.30612182617188,36139100,-0.17893520618478456,172.54891967773438,True,-9.7572021484375,9.7572021484375
2023-02-09,184.989599607344,185.50640268538584,176.18388358932918,176.82989501953125,37118800,0.07581952959299085,172.82029724121094,True,-4.0095977783203125,4.0095977783203125
2023-02-10,175.26952548390446,177.793956459719,172.28790621396766,173.08299255371094,33433600,-0.09399955400398799,173.3277587890625,True,0.2447662353515625,0.2447662353515625
2023-02-13,177.1280495882559,179.8910153511435,174.7427604232,178.33062744140625,31463200,-0.6474155187606812,173.9538116455078,True,-4.3768157958984375,4.3768157958984375
2023-02-14,176.07456285934154,180.39790176538597,174.80240649861443,178.38034057617188,24034600,-0.05233848808954161,174.378173828125,True,-4.002166748046875,4.002166748046875
2023-02-15,175.3390981166172,177.09825782649693,174.25578003012038,176.07456970214844,25308900,0.0,174.48001098632812,True,-1.5945587158203125,1.5945587158203125
2023-02-16,171.6915668424147,174.77257931786272,170.7374420558266,171.3834686279297,25827500,0.0,175.45144653320312,True,4.0679779052734375,4.0679779052734375
2023-02-17,169.17707944999717,172.11893531873136,168.66026119429526,171.82078552246094,24171300,0.13778432644903654,176.3952178955078,True,4.574432373046875,4.574432373046875
2023-02-21,173.2419977961206,177.0783481294213,170.826893719025,171.02566528320312,34592600,0.0147935785353183,177.47291564941406,True,6.4472503662109375,6.4472503662109375
2023-02-22,170.02186694253015,171.70149962853893,168.65031730483764,170.07154846191406,22433200,0.03795402031391855,178.92337036132812,True,8.851821899414062,8.851821899414062
2023-02-23,170.94618314290446,172.6258312060474,168.34224032234485,170.98593139648438,20017800,-0.017831313113371567,180.2958221435547,True,9.309890747070312,9.309890747070312
2023-02-24,167.60674577160847,169.67400347656468,166.63275445663348,169.3460235595703,19791300,-0.11722553202084131,181.29571533203125,True,11.949691772460938,11.949691772460938
2023-02-27,170.82691050373316,172.05930342190592,168.02418112795365,168.50123596191406,19277000,0.0014805509043591125,181.54122924804688,True,13.039993286132812,13.039993286132812
2023-02-28,170.8467663258522,176.462157996379,170.8169513484318,173.86814880371094,46051100,0.09593184515833851,181.9208221435547,True,8.05267333984375,8.05267333984375
2023-03-01,173.52029733471028,176.76033328012912,171.98973946479623,172.3574676513672,30998400,0.35657389461994166,183.04013061523438,True,10.682662963867188,10.682662963867188
2023-03-02,171.32385691337043,173.93773296202326,170.37966529709786,173.46067810058594,17352000,-0.3430210649967193,184.39666748046875,True,10.935989379882812,10.935989379882812
2023-03-03,177.82377174418224,185.4765915170855,175.96523391562997,184.114990234375,45877700,0.0,184.62454223632812,True,0.509552001953125,0.509552001953125
2023-03-06,186.84814838838628,188.49798142340265,183.50873406589676,183.7671356201172,33209400,0.0,186.22874450683594,True,2.46160888671875,2.46160888671875
2023-03-07,187.84199656187243,189.1936644453317,182.8825648439325,183.37950134277344,36701500,-0.862682044506073,187.0154266357422,True,3.63592529296875,3.63592529296875
2023-03-08,181.74954586952333,184.12490167034065,180.22892143280296,183.8366851806641,19432400,-0.48764664493501186,185.68870544433594,True,1.8520202636718466,1.8520202636718466
2023-03-09,185.2082495535252,187.7724286856444,179.19531454783962,180.5767974853516,26582800,-0.3487500691165526,184.34262084960938,True,3.765823364257784,3.765823364257784
2023-03-10,179.90093514018687,183.63790709477487,177.7044844386464,178.41012573242188,25665000,0.008295885985717174,184.04409790039062,True,5.63397216796875,5.63397216796875
2023-03-13,176.8696519923319,182.6539851704362,173.74889126884975,179.7916259765625,24728000,0.18957742614050702,185.21620178222656,True,5.4245758056640625,5.4245758056640625
2023-03-14,186.43070819511075,193.12941799926796,185.416953439696,192.8312530517578,41642600,-0.45006631501019,186.85450744628906,True,-5.97674560546875,5.97674560546875
2023-03-15,191.76781243844928,196.5682213519748,189.670739581799,196.5384063720703,42123600,-0.7268671103520319,187.83103942871094,True,-8.707366943359375,8.707366943359375
2023-03-16,197.04527617398145,204.4993244552846,194.88857335776035,203.6744079589844,50447100,-0.23115213853972302,188.68504333496094,True,-14.989364624023466,14.989364624023466
2023-03-17,199.33119865265817,200.6629850481176,194.2326244861609,194.4115295410156,50141100,-0.30313059656570357,190.62059020996094,True,-3.790939331054659,3.790939331054659
2023-03-20,197.26391557398944,198.1385286969468,192.45357372832208,196.5980224609375,25186300,0.08242436746756232,192.77908325195312,True,-3.818939208984375,3.818939208984375
2023-03-21,201.9550080555266,202.3028697017696,196.7371743536808,200.92138671875,31827000,-0.23395995609462264,194.8502197265625,True,-6.0711669921875,6.0711669921875
2023-03-22,201.2593060210093,206.099463243779,198.44664328245997,198.58578491210935,28477800,-0.1700713485479354,196.61541748046875,True,-1.9703674316405966,1.9703674316405966
2023-03-23,201.59720175806143,206.6063303216433,200.911426940939,203.02838134765625,27389700,-0.31228458881378174,198.13336181640625,True,-4.89501953125,4.89501953125
2023-03-24,203.92285580314848,206.308160113352,202.3028531180641,204.74777221679688,27716400,0.0,199.38687133789062,True,-5.36090087890625,5.36090087890625
2023-03-27,203.55516035077187,204.59873020633137,200.12630096704865,201.59722900390625,18527200,-0.025472713013490033,200.75213623046875,True,-0.8450927734375,0.8450927734375
2023-03-28,198.92368794177148,199.79830109207896,196.6874735449803,199.450439453125,19127300,0.9372612237930298,201.97146606445312,True,2.521026611328125,2.521026611328125
2023-03-29,202.3128013490229,204.45957083736363,201.2990465630899,204.0918426513672,18851100,-0.05115290358662605,204.95164489746094,True,0.85980224609375,0.85980224609375
2023-03-30,202.1339087213484,206.81504236281756,201.57734223164755,206.5665740966797,22608300,0.0679970607161521,206.92333984375,True,0.3567657470703125,0.3567657470703125
2023-03-31,205.97024884273395,210.8700355215034,205.5031273130165,210.64144897460935,25440300,0.17392452274050027,207.8700408935547,True,-2.771408081054659,2.771408081054659
2023-04-03,207.5604625901875,212.18198178307043,206.92438438820392,211.7645568847656,17924600,-0.41587679646909237,209.20384216308594,True,-2.560714721679659,2.560714721679659
2023-04-04,212.0825659910519,214.91511020236732,211.23776784654055,213.4044189453125,21026400,0.0725805461406707,209.0693359375,True,-4.3350830078125,4.3350830078125
2023-04-05,212.8379197710264,213.87155629474375,208.65372248365333,210.1842803955078,19396600,0.0720477178692817,209.4018096923828,True,-0.782470703125,0.782470703125
2023-04-06,207.9679340546365,215.61082017465736,207.37160416327055,214.7759704589844,26104400,-0.1746703837066889,210.1116485595703,True,-4.664321899414091,4.664321899414091
2023-04-10,213.39448637040647,214.33866272215775,209.36929753894145,213.43423461914065,16106100,-0.2016553655266762,210.72879028320312,True,-2.7054443359375284,2.7054443359375284
2023-04-11,214.1597518385731,214.6964517562648,212.1024425948845,212.5397491455078,16710100,0.040622221926848064,211.2323455810547,True,-1.307403564453125,1.307403564453125
2023-04-12,213.5236925353061,215.5114387294504,211.27754479543103,212.6888427734375,18972200,0.037864896468818146,212.3192901611328,True,-0.3695526123046875,0.3695526123046875
2023-04-13,214.40820515097,219.7949946672169,214.3684569060914,218.9999084472656,23310400,-0.4680233374238014,213.57347106933594,True,-5.426437377929659,5.426437377929659
2023-04-14,216.5450524607433,220.74913097277255,216.21707255337955,220.1329345703125,21591200,0.35791228401164216,213.90663146972656,True,-6.2263031005859375,6.2263031005859375
2023-04-17,218.4433375691326,219.6260488524338,215.7996469441457,217.51904296875,15481900,0.22208171486854553,215.93226623535156,True,-1.5867767333984375,1.5867767333984375
2023-04-18,218.56262043131468,219.0893719210128,214.88529327416447,216.55499267578125,12281000,0.35422349472840625,218.119873046875,True,1.56488037109375,1.56488037109375
2023-04-19,212.1620852709725,215.9984359242557,211.62538532109843,214.37841796875,15898100,-0.1026611022651196,220.30599975585938,True,5.927581787109375,5.927581787109375
2023-04-20,212.17203334589377,215.4220027548462,211.46639191017636,211.7645568847656,16475400,-0.9273700952529907,221.33790588378906,True,9.573348999023466,9.573348999023466
2023-04-21,208.92205983816885,212.1024505548326,208.29591496579627,211.58563232421875,17717200,-0.8337891846895218,220.0460662841797,True,8.460433959960938,8.460433959960938
2023-04-24,212.3707982899456,212.60933329520725,209.4190091133209,211.4862518310547,15750900,0.08801889792084691,217.91659545898438,True,6.4303436279296875,6.4303436279296875
2023-04-25,209.52833539028245,209.9656268178701,205.86094120437443,206.2783660888672,19198200,-0.4038594732992351,217.8872528076172,True,11.60888671875,11.60888671875
2023-04-26,211.19800133904255,212.7981373910938,207.600186122068,208.1169891357422,41992700,0.07002368681132788,217.72142028808594,True,9.60443115234375,9.60443115234375
2023-04-27,238.42021116281657,240.2091857294334,235.31933202421376,237.09835815429688,71196500,0.14392270377049077,219.31089782714844,True,-17.787460327148438,17.787460327148438
2023-04-28,237.54557833900145,238.9568761676903,234.3055578448536,238.8475646972656,39554000,0.18190556801855562,222.1559600830078,True,-16.691604614257784,16.691604614257784
2023-05-01,237.1579744285822,242.50501611214727,235.0112202378066,241.6900329589844,29143900,-0.1534267651538054,224.97059631347656,True,-16.71943664550784,16.71943664550784
2023-05-02,241.69003211453244,243.4193766173221,237.5257169273189,237.7741851806641,24350100,0.2155931293964386,226.69532775878906,True,-11.078857421875028,11.078857421875028
2023-05-03,238.00278094449465,240.26881028953397,231.3239528227054,235.5777282714844,34463900,0.08822676166892046,228.17408752441406,True,-7.403640747070341,7.403640747070341
2023-05-04,234.61366421305812,236.74055188319167,231.5028367871656,232.0892333984375,17889400,-0.0311333602294326,229.7307891845703,True,-2.3584442138671875,2.3584442138671875
2023-05-05,230.8171054557719,233.24214319913972,228.441749237586,231.35379028320312,27000500,0.3506321385502815,230.51028442382812,True,-0.843505859375,0.843505859375
2023-05-08,230.00210329645356,234.17636714390704,228.85915533576608,231.8407745361328,16400500,0.0599348917603492,231.81011962890625,True,-0.0306549072265625,0.0306549072265625
2023-05-09,230.0418689786509,234.43478615731215,229.66419235665347,231.94015502929688,16865600,0.0197169799357652,232.3350372314453,True,0.3948822021484375,0.3948822021484375
2023-05-10,234.7229958402169,235.29944402768132,229.30639076366376,231.6519317626953,19119000,0.0440546565999587,232.58021545410156,True,0.92828369140625,0.92828369140625
2023-05-11,231.62210410087727,236.7504923855175,230.87669935596904,234.3453063964844,20449000,0.1071982532739639,232.82322692871094,True,-1.522079467773466,1.522079467773466
2023-05-12,235.2895280534279,235.50818135320532,230.03193075237007,232.37747192382807,16161400,0.15348811766930984,233.09188842773438,True,0.7144165039063068,0.7144165039063068
2023-05-15,235.4683987689237,238.78793108217465,233.88814427531784,237.39651489257807,20653200,0.1840443760156631,233.8127899169922,True,-3.5837249755858807,3.5837249755858807
2023-05-16,234.34533156097984,238.1717490618502,234.07699674301327,237.35678100585935,18163800,0.0133299455046653,234.64120483398438,True,-2.7155761718749716,2.7155761718749716
2023-05-17,236.98903199910285,242.34600727348624,236.68093377191283,241.00428771972656,21193100,0.11119254305958745,235.18124389648438,True,-5.8230438232421875,5.8230438232421875
2023-05-18,239.82155677521192,245.57607474469805,239.7122301391278,245.33755493164065,22943300,0.08118397854268548,235.7797393798828,True,-9.557815551757841,9.557815551757841
2023-05-19,245.95376877808485,247.1662951314435,241.91864655785503,244.13497924804688,21733600,-0.0935638709501787,236.18588256835938,True,-7.9490966796875,7.9490966796875
2023-05-22,243.9063944439659,252.01640235796663,243.6181627602761,246.79856872558597,27738500,0.0,236.50009155273438,True,-10.298477172851591,10.298477172851591
2023-05-23,245.2978194572177,250.06841341058728,245.13879612020204,245.22825622558597,17748100,-0.5100904942623207,237.4674530029297,True,-7.760803222656278,7.760803222656278
2023-05-24,243.77717655928683,248.06076690925585,243.4491966382404,247.68310546875,17724300,-0.312297148630023,237.2667236328125,True,-10.4163818359375,10.4163818359375
2023-05-25,251.8474260443769,254.05382543946865,247.6433472684531,251.14178466796875,22371400,-0.6744709717375892,237.5862579345703,True,-13.555526733398438,13.555526733398438
2023-05-26,251.3803097848196,260.70284408879627,251.16167166021748,260.4345092773437,25727200,-0.0456616021692752,237.71119689941406,True,-22.72331237792963,22.72331237792963
2023-05-30,263.6248445901685,267.0040071257697,259.6891155348495,260.9115600585937,23816500,-0.768575131893158,239.03341674804688,True,-21.878143310546818,21.878143310546818
2023-05-31,258.40697136210287,263.37633619598944,256.86648039583633,263.0980529785156,25473700,0.05260282754898071,239.47076416015625,True,-23.627288818359375,23.627288818359375
2023-06-01,264.270877626089,272.321256606489,264.2609595189061,270.93975830078125,25609500,-0.41270668804645533,241.7028350830078,True,-29.236923217773438,29.236923217773438
2023-06-02,270.9894701591077,273.66299149165616,269.4588969396265,270.93975830078125,19416900,-0.2601652145385742,244.35772705078125,True,-26.58203125,26.58203125
2023-06-05,268.6438855219357,273.88161614564507,267.9084291372205,269.72723388671875,20742900,0.0,247.05801391601562,True,-22.669219970703125,22.669219970703125
2023-06-06,268.4848861061557,274.8754826768535,268.0376310917204,269.4588623046875,19419000,-0.0216230992227792,250.2794189453125,True,-19.179443359375,19.179443359375
2023-06-07,270.0055180183233,272.5696972670213,261.1898381568145,261.9849548339844,26163600,-0.440769100561738,253.37548828125,True,-8.609466552734375,8.609466552734375
2023-06-08,259.02319447783515,266.0101209420536,257.29386504297963,262.9589233398437,20899400,0.3394356966018677,255.63565063476562,True,-7.323272705078068,7.323272705078068
2023-06-09,260.87179266403274,266.3082791185902,260.0965729470481,263.32666015625,16949800,0.0,258.6376037597656,True,-4.689056396484375,4.689056396484375
2023-06-12,265.5330501300384,270.08497490814324,263.7042972060657,269.3892517089844,15442500,-0.8744832277297974,260.8826599121094,True,-8.506591796875,8.506591796875
2023-06-13,273.1958395792714,274.0306893344269,267.44130590092897,269.6576538085937,16164000,0.0,260.7616271972656,True,-8.896026611328068,8.896026611328068
2023-06-14,270.22418562547983,273.3051681295707,266.6760511965219,271.6752319335937,19175100,0.0,261.6439514160156,True,-10.031280517578068,10.031280517578068
2023-06-15,270.6316315864153,282.2500104912735,269.75704874068026,280.1032409667969,25973500,0.0524952709674835,262.9517822265625,True,-17.151458740234375,17.151458740234375
2023-06-16,283.00534416008674,286.086356606878,278.4136556327555,279.2783203125,43127700,-0.1508983774110675,264.8014221191406,True,-14.476898193359375,14.476898193359375
2023-06-20,277.022286043052,283.0550732741564,274.52765462247663,282.58795166015625,20701600,-0.07960903799782197,266.7281799316406,True,-15.859771728515625,15.859771728515625
2023-06-21,281.7928330595618,282.2599546202207,276.6544958923145,279.9144287109375,20556200,0.06640003994107244,268.0539245605469,True,-11.860504150390625,11.860504150390625
2023-06-22,277.370100159185,283.5122591623506,276.0880256577415,283.13458251953125,17563100,-0.4190961634740233,269.4686279296875,True,-13.66595458984375,13.66595458984375
2023-06-23,279.78520359910493,287.8952110829365,277.2408910940516,286.9609680175781,51092000,0.012383493594825257,269.44757080078125,True,-17.513397216796875,17.513397216796875
2023-06-26,286.9311248616306,288.014442707498,275.89912935562165,276.7637939453125,24232700,-0.2547516986727715,270.63653564453125,True,-6.12725830078125,6.12725830078125
2023-06-27,280.28210124173046,287.57712455810264,278.93041834990106,285.29119873046875,26108300,0.0483710207045078,271.0089416503906,True,-14.282257080078125,14.282257080078125
2023-06-28,283.0749621394524,287.77596279839696,282.31960882824694,283.5420837402344,16722100,0.20164519663040453,272.0345458984375,True,-11.507537841796875,11.507537841796875
2023-06-29,282.7568884601105,284.8142129946825,278.9702344892543,279.8050842285156,15395700,0.0,272.8958740234375,True,-6.909210205078125,6.909210205078125
2023-06-30,283.0153107326895,287.2790044495299,282.6773975218588,285.2217102050781,19694900,0.07081133717050152,273.82611083984375,True,-11.395599365234375,11.395599365234375
2023-07-03,284.9434043059661,287.62684323655463,283.1047331700127,284.2675476074219,8629300,-0.21438930928707126,274.6128845214844,True,-9.6546630859375,9.6546630859375
2023-07-05,285.8875482884907,296.29339929866484,284.6054436891364,292.5663757324219,33865500,0.0353471115231514,274.6387634277344,True,-17.9276123046875,17.9276123046875
2023-07-06,294.077118017242,296.29343555760886,289.5251623594911,290.20098876953125,47600500,0.120933751974787,275.57177734375,True,-14.62921142578125,14.62921142578125
2023-07-07,290.3898541389388,294.38524367476765,286.89143151632925,288.7499694824219,25586000,-0.24057722805688783,277.2211608886719,True,-11.52880859375,11.52880859375
2023-07-10,293.7391628856008,296.30337229687683,285.2912421018023,292.2980651855469,37058300,-0.1751856934279204,277.7837829589844,True,-14.5142822265625,14.5142822265625
2023-07-11,292.09931513800467,298.340837358472,290.11156882154245,296.4624328613281,27585900,-0.24933798300723234,278.4893493652344,True,-17.97308349609375,17.97308349609375
2023-07-12,299.90117916494063,307.55401343328566,298.261294773323,307.4446716308594,36677100,-0.16721706943852563,278.6048278808594,True,-28.83984375,28.83984375
2023-07-13,311.6984509348841,314.3023933881679,308.38886713165334,311.48974609375,30281000,-0.08906070590019229,278.7352294921875,True,-32.7545166015625,32.7545166015625
2023-07-14,309.8796614772566,312.95072531159866,305.4767811736153,306.9775390625,23054100,0.0340597555041313,279.805419921875,True,-27.172119140625,27.172119140625
2023-07-17,305.6557421032469,309.8001759510319,302.8430642410926,308.71685791015625,25323100,0.02305733598768715,281.3720703125,True,-27.34478759765625,27.34478759765625
2023-07-18,308.9752470835531,312.27491276551416,305.7352113559145,310.1380615234375,20731900,0.2087389640510082,283.2133483886719,True,-26.924713134765625,26.924713134765625
2023-07-19,311.1120997395896,316.7274767689664,308.6174685170369,314.0738525390625,21763700,0.14263335592113432,285.4109191894531,True,-28.662933349609375,28.662933349609375
2023-07-20,311.57921073138994,313.6067203081429,300.36832359676674,300.6664733886719,23836900,-0.10999304135995254,287.5242919921875,True,-13.142181396484375,13.142181396484375
2023-07-21,302.7039209651899,303.58845220441054,289.4158431901848,292.45709228515625,42139300,0.1039562821388244,289.0487365722656,True,-3.408355712890625,3.408355712890625
2023-07-24,293.9677671533127,295.6970965406235,286.53358588004187,289.82330322265625,24915700,-0.5695178906122843,290.4290771484375,True,0.60577392578125,0.60577392578125
2023-07-25,293.3813918203589,296.47232248683173,290.0717775362577,292.6658020019531,19585600,-0.11594572725395362,290.3223571777344,True,-2.34344482421875,2.34344482421875
2023-07-26,299.3446039644183,299.9210369448367,290.1115155280028,296.7406616210937,47256900,-0.04631802067160603,289.6701354980469,True,-7.070526123046818,7.070526123046818
2023-07-27,323.128012610784,323.3566143393983,307.94163308198955,309.8001708984375,64229200,0.14858852544178566,289.84588623046875,True,-19.95428466796875,19.95428466796875
2023-07-28,314.9384950804358,324.20139913117765,312.3246041214481,323.4858093261719,39220300,0.03475579619407653,291.3472595214844,True,-32.1385498046875,32.1385498046875
2023-07-31,321.7067592345927,323.66469029091354,315.64412776599033,316.64794921875,25799600,0.2085349534948667,292.51611328125,True,-24.1318359375,24.1318359375
2023-08-01,315.5944509795889,322.1540190549493,312.7320917953881,320.7327575683594,22817900,0.0383302085101604,293.70928955078125,True,-27.023468017578125,27.023468017578125
2023-08-02,316.05161005931467,316.4392350831681,308.7466375342772,312.3842163085937,20461100,-0.12477133003994825,294.2635498046875,True,-18.120666503906193,18.120666503906193
2023-08-03,308.03111235688823,314.01424840839314,308.03111235688823,311.2711486816406,15180200,0.020046092569828033,294.5748596191406,True,-16.6962890625,16.6962890625
2023-08-04,313.0302353033232,316.4591093262651,308.2994203919709,308.826171875,17612800,0.038092620298266364,294.95648193359375,True,-13.86968994140625,13.86968994140625
2023-08-07,311.3108991390347,315.1273684130836,308.55785108916643,314.6204833984375,16236500,-0.1867936849594116,295.1565856933594,True,-19.463897705078125,19.463897705078125
2023-08-08,312.4737139507315,315.9423518874325,308.2099896220552,310.7245178222656,15183500,-0.21825487539172175,295.20025634765625,True,-15.524261474609375,15.524261474609375
2023-08-09,310.96298497482377,311.70838971495243,300.99444013006075,303.3399658203125,19955800,-0.2994112218064921,295.0052490234375,True,-8.334716796875,8.334716796875
2023-08-10,306.05329326634325,310.4263289606165,302.0082223586352,303.86676025390625,14358900,-0.4623604528605938,294.7991027832031,True,-9.067657470703125,9.067657470703125
2023-08-11,300.7162259630138,302.8530473092932,298.51974431967506,299.7919311523437,14046300,0.05206379294395447,294.3070373535156,True,-5.484893798828068,5.484893798828068
2023-08-14,299.13592519949583,304.3338619035578,296.4226408204972,304.3139953613281,15641900,0.06091763451695435,294.4443054199219,True,-9.86968994140625,9.86968994140625
2023-08-15,304.2643369775201,305.3476550580953,298.19175633339523,300.1000061035156,11623600,-0.0292898006737232,295.0351257324219,True,-5.06488037109375,5.06488037109375
2023-08-16,298.36070131576014,299.2352841208073,292.4769595227071,292.4869079589844,18547700,-0.443456631153822,295.6788330078125,True,3.191925048828125,3.191925048828125
2023-08-17,291.2544826353271,294.2361017593766,283.2041352648721,283.34326171875,23950100,-0.010649662464857101,295.3213195800781,True,11.978057861328125,11.978057861328125
2023-08-18,277.3203811071162,283.9395789060304,272.6988777377284,281.5145263671875,35347900,-0.25247763888910413,295.21929931640625,True,13.70477294921875,13.70477294921875
2023-08-21,281.7133464245771,288.7201397492464,280.1231433753286,288.1238098144531,20181500,-0.26611583353951573,294.883056640625,True,6.759246826171875,6.759246826171875
2023-08-22,290.75754394460523,291.1054055726011,284.9930924800381,285.837890625,12980200,-0.5362938046455383,293.3667297363281,True,7.528839111328125,7.528839111328125
2023-08-23,286.7323732562124,295.577837283612,285.90747197497666,292.43719482421875,18287000,0.10640931408852332,291.5933837890625,True,-0.84381103515625,0.84381103515625
2023-08-24,296.67111160823754,297.6252212635556,284.8837915482528,284.9931030273437,18360900,0.0,290.9315490722656,True,5.938446044921932,5.938446044921932
2023-08-25,284.37687724473807,286.6230398586669,274.3387541997715,283.750732421875,23701400,0.09268468618392939,290.57330322265625,True,6.82257080078125,6.82257080078125
2023-08-28,286.235435127281,289.66430924281576,284.0489023100417,288.4815979003906,14239300,-0.3675202975670497,290.2459716796875,True,1.764373779296875,1.764373779296875
2023-08-29,286.81189577136405,297.3171420810114,286.41435258373576,296.16424560546875,20844500,-0.8703693151473999,288.9922790527344,True,-7.171966552734375,7.171966552734375
2023-08-30,295.3492862928779,296.4624193263805,291.63218022598824,293.2919616699219,17717000,-0.10108101164752786,287.22222900390625,True,-6.069732666015625,6.069732666015625
2023-08-31,293.98767316078107,299.2552191889363,293.84854668813364,294.0771484375,17229900,-0.2571017511188983,286.3124084472656,True,-7.764739990234375,7.764739990234375
2023-09-01,297.5357883271389,299.8912627468376,292.6658161503416,294.5641174316406,12842300,-0.6859397292137146,285.8829345703125,True,-8.681182861328125,8.681182861328125
2023-09-05,295.2001769854893,299.5434279064048,293.6994492306064,298.3110046386719,14956000,0.06464236266911028,285.6159973144531,True,-12.69500732421875,12.69500732421875
2023-09-06,299.8614212554446,301.44167572223057,293.84850159896115,297.3370056152344,15418100,-0.15291266267498335,285.8553161621094,True,-11.481689453125,11.481689453125
2023-09-07,296.1741795776544,305.16871887218565,290.4295943547749,296.840087890625,33748700,-0.8263131976127625,286.36163330078125,True,-10.47845458984375,10.47845458984375
2023-09-08,297.38668763075606,303.37974075580405,294.961635024311,296.0648498535156,17548000,0.09200708009302615,286.9372863769531,True,-9.1275634765625,9.1275634765625
2023-09-11,299.5632848469121,307.1465412031133,299.43407649527063,305.67559814453125,19489300,0.3146681059151888,287.7349853515625,True,-17.94061279296875,17.94061279296875
2023-09-12,304.4531070510654,306.76884815895613,298.3905059297866,299.8117370605469,13480400,-0.6588042974472046,289.1895446777344,True,-10.6221923828125,10.6221923828125
2023-09-13,300.50741828533484,305.29789330613903,299.473812228941,303.1908874511719,13210900,-0.320499362424016,290.0314636230469,True,-13.159423828125,13.159423828125
2023-09-14,304.8606507708794,310.95309824202576,303.161136118716,309.8101501464844,19343100,0.06858589313924311,290.6328430175781,True,-19.17730712890625,19.17730712890625
2023-09-15,309.7007857678787,310.088410840117,296.9195921105287,298.47003173828125,28131100,-0.19492752353350326,291.4818420410156,True,-6.988189697265625,6.988189697265625
2023-09-18,296.363016980272,301.73987399777747,295.9753919193005,300.6962890625,14234200,0.0,292.7861633300781,True,-7.910125732421875,7.910125732421875
2023-09-19,300.6267693294819,304.2941637770046,297.9731146029142,303.2008972167969,15924400,0.09577779720226924,293.9200439453125,True,-9.280853271484375,9.280853271484375
2023-09-20,303.1809965191414,306.1725644483094,297.5954341908518,297.833984375,19379500,0.013432962819933855,295.0574951171875,True,-2.7764892578125,2.7764892578125
2023-09-21,293.8882758417499,298.42033456685886,291.4731412557836,293.9180908203125,21319600,0.2352718263864517,295.7208251953125,True,1.802734375,1.802734375
2023-09-22,297.466181352766,303.5089462710406,296.4424933602112,297.2475280761719,25369600,0.02622976526618,296.74603271484375,True,-0.501495361328125,0.501495361328125
2023-09-25,293.8286431788266,299.10610665000064,291.9005270346035,298.98681640625,18987000,-0.9298689365386964,297.171875,True,-1.81494140625,1.81494140625
2023-09-26,295.83627299017616,298.46008222359,294.19638842796746,297.1282958984375,19417200,-0.2345570437610149,295.2916259765625,True,-1.836669921875,1.836669921875
2023-09-27,298.60915866807244,299.4539264640221,285.0328496808238,295.9157409667969,36429800,0.10119463503360748,293.5091857910156,True,-2.40655517578125,2.40655517578125
2023-09-28,297.1084242521594,304.45313062279126,294.8821582340951,302.09765625,22167100,0.1222737682266877,292.8823547363281,True,-9.215301513671875,9.215301513671875
2023-09-29,305.4966882392906,308.73672393193715,297.52580735084314,298.37060546875,25373700,0.015320017312963766,293.05908203125,True,-5.3115234375,5.3115234375
2023-10-02,300.8851357535023,305.2979347903727,299.7819511595849,304.9401550292969,16265600,-0.046689744107425234,293.2533874511719,True,-11.686767578125,11.686767578125
2023-10-03,302.3958267248528,304.8904274788593,297.8041380438366,299.0961608886719,17362300,0.0,292.9227294921875,True,-6.173431396484375,6.173431396484375
2023-10-04,296.8996967471357,305.01962229611473,296.67109503462666,303.70770263671875,16880500,0.0,292.95703125,True,-10.75067138671875,10.75067138671875
2023-10-05,302.76355357583645,304.3338596571605,297.6649799511563,302.9225769042969,19130000,0.0,292.8488464355469,True,-10.07373046875,10.07373046875
2023-10-06,299.59310093157706,314.37198864360715,299.06634941720114,313.49737548828125,21803900,0.0,292.7313537597656,True,-20.766021728515625,20.766021728515625
2023-10-09,310.5853120967943,318.36732433122893,309.9094857370149,316.4093933105469,22503700,0.0,293.026611328125,True,-23.382781982421875,23.382781982421875
2023-10-10,317.16479734182053,322.67086312994786,316.21068760266763,319.8681335449219,19038000,0.0,293.6746520996094,True,-26.1934814453125,26.1934814453125
2023-10-11,321.03093557755113,326.8252019690386,320.9713056224866,325.8114624023437,22036300,0.0,294.0869140625,True,-31.724548339843693,31.724548339843693
2023-10-12,325.99035800443886,328.51480402545536,320.7128945741685,322.17388916015625,20530500,0.0,295.0482177734375,True,-27.12567138671875,27.12567138671875
2023-10-13,321.547767052762,323.05844326558616,310.4561394714202,312.7619323730469,21341000,0.0,296.45147705078125,True,-16.310455322265625,16.310455322265625
2023-10-16,316.6877113742632,319.84822027579327,313.5868020964591,319.18231201171875,16536100,0.0882230773568153,297.8183898925781,True,-21.363922119140625,21.363922119140625
2023-10-17,316.23048377109484,322.4123746515941,315.35587073376195,322.01483154296875,16387800,0.1182271614670753,299.1739807128906,True,-22.840850830078125,22.840850830078125
2023-10-18,319.4208864985658,323.94299691938124,313.6265894069877,315.0279541015625,16851000,0.01807161746546625,300.58099365234375,True,-14.44696044921875,14.44696044921875
2023-10-19,317.92012250181403,319.91781707841454,309.839929589378,310.8934326171875,18709200,-0.14625438163056972,301.7290954589844,True,-9.164337158203125,9.164337158203125
2023-10-20,312.21529480774785,313.36816085601043,304.59227516092113,306.7589111328125,22312300,0.04908719845116135,302.4888610839844,True,-4.270050048828125,4.270050048828125
2023-10-23,307.6037429491092,315.41557142622,305.3774767770148,312.08612060546875,17796800,0.0404169894754886,303.1509094238281,True,-8.935211181640625,8.935211181640625
2023-10-24,314.83913461836846,316.39952274011324,308.7268208241305,310.6350402832031,19525500,0.005791204981505851,303.1809997558594,True,-7.45404052734375,7.45404052734375
2023-10-25,308.10064575656094,308.975258894185,297.00901886965295,297.6947937011719,42192500,-0.7153370138822179,303.431396484375,True,5.736602783203125,5.736602783203125
2023-10-26,293.19256300342494,293.19256300342494,277.68813665644586,286.58331298828125,66684100,-0.19422187044152195,302.61309814453125,True,16.02978515625,16.02978515625
2023-10-27,292.6758030292474,297.4761974394607,291.1750447290284,294.9120178222656,29596300,-0.2202813039932932,301.8892517089844,True,6.97723388671875,6.97723388671875
2023-10-30,297.2574993285472,307.50432847654946,297.21773591231505,300.8056335449219,28435100,0.192222666926682,300.4427185058594,True,-0.3629150390625,0.3629150390625
2023-10-31,301.4516121618608,301.8193403128151,295.0411192868356,299.4241027832031,19434200,0.03560741599649188,299.5426330566406,True,0.1185302734375,0.1185302734375
2023-11-01,300.0005705556763,310.82383173354657,300.0005705556763,309.9393005371094,20434600,-0.38115115960439044,298.4707336425781,True,-11.46856689453125,11.46856689453125
2023-11-02,315.3558977661489,316.8666041712566,306.4408555450822,308.9653015136719,21631800,-0.31518175452947617,297.1284484863281,True,-11.83685302734375,11.83685302734375
2023-11-03,310.6350272850042,313.61664660431865,309.1144026453778,312.6724853515625,16764300,0.1307863295078277,296.1466064453125,True,-16.52587890625,16.52587890625
2023-11-06,314.0440325136339,316.3796100301128,312.523407886489,313.8651123046875,12887700,0.0,295.67388916015625,True,-18.19122314453125,18.19122314453125
2023-11-07,315.1173814221133,319.0332435986505,313.18926531161134,316.8666076660156,14055600,0.05691006593406193,295.4273986816406,True,-21.439208984375,21.439208984375
2023-11-08,316.1908339897348,319.36126158939925,312.95079765621443,317.8207702636719,13609700,-0.4029280988033861,295.4415283203125,True,-22.379241943359375,22.379241943359375
2023-11-09,317.46294745053154,322.1937626103969,316.84672067314426,318.58599853515625,16103100,0.04880354854349906,295.4223327636719,True,-23.163665771484375,23.163665771484375
2023-11-10,317.979759689306,327.0836408576639,317.5026896858175,326.7556457519531,19096200,-0.03786272316106731,296.2479553222656,True,-30.5076904296875,30.5076904296875
2023-11-13,324.2014247719074,330.2938415366344,323.7044882105345,327.173095703125,16908900,0.16169691681861878,297.58404541015625,True,-29.58905029296875,29.58905029296875
2023-11-14,332.490336620736,336.0285226564636,331.2877282548283,334.2494812011719,17179400,0.10687362402677536,299.5678405761719,True,-34.681640625,34.681640625
2023-11-15,335.85949655936287,336.3266180839063,327.9979574674847,330.6714782714844,14531200,0.0136152151972055,301.8417663574219,True,-28.8297119140625,28.8297119140625
2023-11-16,327.3519503221803,332.5300202413146,324.38027971108323,332.1424255371094,18932600,0.046084900283151174,303.9012756347656,True,-28.24114990234375,28.24114990234375
2023-11-17,328.236531565473,333.44441677442944,327.33210342724755,332.9872436523437,14494400,-0.25796122848987585,305.812255859375,True,-27.174987792968693,27.174987792968693
2023-11-20,332.8381621487933,339.7753766653028,332.14243887763337,337.88702392578125,16960500,-0.21329853311181068,307.0704040527344,True,-30.816619873046875,30.816619873046875
2023-11-21,336.257079202815,337.8174672799034,333.84197480157417,334.9153747558594,12027900,0.0,308.15020751953125,True,-26.765167236328125,26.765167236328125
2023-11-22,337.1316756910171,340.8189666199393,336.505530803819,339.397705078125,10702700,-0.15348155833780766,309.5660400390625,True,-29.8316650390625,29.8316650390625
2023-11-24,338.04603700845905,339.7654179309521,334.7066078709448,336.1576843261719,5467500,0.3853706121444702,310.86456298828125,True,-25.293121337890625,25.293121337890625
2023-11-27,334.12026586710266,337.8174751715421,332.15241645594386,332.6493530273437,15684500,0.024558400735259,313.6992492675781,True,-18.950103759765568,18.950103759765568
2023-11-28,331.35727803769555,337.3006499613328,331.35727803769555,336.9130249023437,12637200,-0.6740435481071472,315.7678527832031,True,-21.145172119140568,21.145172119140568
2023-11-29,337.60874184014665,337.8174466899702,328.75332924473264,330.1646423339844,16024500,-0.2498242044821382,316.25445556640625,True,-13.910186767578125,13.910186767578125
2023-11-30,329.8565478251804,331.4566689095043,320.4246717642376,325.14556884765625,23146400,0.0796864256262779,316.6639099121094,True,-8.481658935546875,8.481658935546875
2023-12-01,323.4858243812868,324.8573437683303,318.7947421813911,322.8298645019531,15276400,-0.31546121346764266,317.5303955078125,True,-5.299468994140625,5.299468994140625
2023-12-04,315.34604118629704,318.8941455160356,311.7382765594453,318.0592956542969,19037100,-0.07797557612260186,317.58990478515625,True,-0.469390869140625,0.469390869140625
2023-12-05,317.0256185423016,319.90784415875646,313.4576181335451,316.33984375,16952100,-0.3776423989662102,317.6979675292969,True,1.358123779296875,1.358123779296875
2023-12-06,319.9575056885846,320.2755523061367,315.09748282348227,315.5049743652344,11294300,-0.18667829356023244,316.9270324707031,True,1.42205810546875,1.42205810546875
2023-12-07,315.82299215965526,326.2288430195848,315.82299215965526,324.5889587402344,15905100,-0.03276313019587715,316.0884094238281,True,-8.50054931640625,8.50054931640625
2023-12-08,321.1104554318306,331.1287132397736,321.0210104927275,330.7112731933594,14087400,-0.25825330987572664,315.43328857421875,True,-15.277984619140625,15.277984619140625
2023-12-11,327.3817698509065,327.86878826016766,318.03936943973395,323.2870178222656,25802500,-0.1987348459661007,314.902587890625,True,-8.384429931640625,8.384429931640625
2023-12-12,322.6111876329253,332.420709465379,322.5714242196474,332.1722412109375,18485500,0.0751065439544618,314.7146911621094,True,-17.457550048828125,17.457550048828125
2023-12-13,331.884021649177,336.29682043546865,330.60194724752364,332.6890563964844,16353300,-0.30035097400347394,314.91851806640625,True,-17.770538330078125,17.770538330078125
2023-12-14,331.8045190118393,332.64931715824605,326.6264489887644,331.1286926269531,19607300,0.07606535702943802,314.8261413574219,True,-16.30255126953125,16.30255126953125
2023-12-15,329.9559098193617,336.5850565219528,329.1906384767599,332.86798095703125,31776900,-0.268657099455595,315.2507019042969,True,-17.617279052734375,17.617279052734375
2023-12-18,335.4122768319549,345.43050350190754,334.9550734059196,342.5085144042969,18993900,-0.5300863622687757,315.63153076171875,True,-26.876983642578125,26.876983642578125
2023-12-19,343.46266650843853,351.433548505903,343.00549335643024,348.21337890625,17729400,0.0538555309176445,315.511962890625,True,-32.701416015625,32.701416015625
2023-12-20,346.5138087823147,352.7851448663893,345.6590925772847,347.13995361328125,16369900,-0.4636456061686789,316.2386474609375,True,-30.90130615234375,30.90130615234375
2023-12-21,350.8173476132564,354.2263251626879,347.0704265094024,351.9205322265625,15289600,0.20586387068033218,317.20562744140625,True,-34.71490478515625,34.71490478515625
2023-12-22,353.401377143422,355.011477013926,349.06810506469606,351.2248229980469,11772800,-0.4279384553432465,318.6866760253906,True,-32.53814697265625,32.53814697265625
2023-12-26,352.8149681446027,354.7927960482681,351.2844255557766,352.65594482421875,9898600,-0.1473904351393382,320.4739685058594,True,-32.181976318359375,32.181976318359375
2023-12-27,353.8884077003798,356.80044865097256,353.13305442641285,355.6376037597656,13207900,-0.8833124041557312,322.1834411621094,True,-33.45416259765625,33.45416259765625
2023-12-28,357.4961835866546,359.6826863146204,355.6177487776216,356.1246337890625,11798800,0.0,323.4849548339844,True,-32.639678955078125,32.639678955078125
2023-12-29,356.7904704261837,357.79429189534807,349.66441776440286,351.7912902832031,14987100,-0.4806371927261352,325.5921630859375,True,-26.199127197265625,26.199127197265625
2024-01-02,349.1674536739744,350.996176270686,337.9267529843931,344.16827392578125,19042200,-0.4378977660089731,328.0390930175781,False,-16.129180908203125,16.129180908203125
2024-01-03,342.86632097466634,345.81812501954795,341.07733136318217,342.35943603515625,15451100,0.10061537101864815,329.9903259277344,False,-12.369110107421875,12.369110107421875
2024-01-04,342.389282432488,346.0169131758849,341.29601595802046,344.99322509765625,12099900,0.0,331.8807067871094,False,-13.112518310546875,13.112518310546875
2024-01-05,344.8640379446358,351.33416191943985,344.1385299497112,349.7936706542969,13920700,0.030433918039003967,333.0147399902344,False,-16.7789306640625,16.7789306640625
2024-01-08,352.52679548883475,356.780571080703,349.893007548305,356.4625244140625,13890200,-0.776343584060669,333.8494567871094,False,-22.613067626953125,22.613067626953125
2024-01-09,354.2163327704473,358.43037493472315,353.1826963531045,355.2400207519531,13463900,-0.015119306743145,334.4982604980469,False,-20.74176025390625,20.74176025390625
2024-01-10,357.96328410212465,370.6550325399752,356.87993574330466,368.2001647949219,22117200,-0.0724123474210501,335.1119384765625,False,-33.088226318359375,33.088226318359375
2024-01-11,369.8499789987696,370.49599040824944,360.70633490419993,367.4050598144531,17205400,-0.3880521971732378,336.2699890136719,False,-31.13507080078125,31.13507080078125
2024-01-12,367.89203879686136,374.74975653284,367.27584238058296,372.1954956054688,19310000,-0.2009742110967636,337.6724853515625,False,-34.52301025390631,34.52301025390631
2024-01-16,371.3606643397932,373.3086470528875,364.9800162533216,365.2085876464844,15306900,0.0411260854452848,339.0279235839844,False,-26.1806640625,26.1806640625
2024-01-17,364.0556821213397,366.2819783539216,356.41279602355684,366.1130065917969,12724800,0.0,340.74285888671875,False,-25.370147705078125,25.370147705078125
2024-01-18,369.2138845239013,374.5410597700138,368.6772149223667,373.8254699707031,16354300,-0.18239665846340355,341.914306640625,False,-31.911163330078125,31.911163330078125
2024-01-19,376.6778694441416,382.0050142000212,375.6541814607231,381.1006164550781,21670800,-0.04099786146120592,342.8054504394531,False,-38.295166015625,38.295166015625
2024-01-22,385.5730050587109,387.95829396107655,378.8245995511408,379.4407958984375,17680500,0.10741119565708294,344.3161315917969,False,-35.124664306640625,35.124664306640625
2024-01-23,382.2634414403674,386.00041375357046,379.7389954417294,382.83990478515625,15506100,0.1318078324198722,346.07232666015625,False,-36.767578125,36.767578125
2024-01-24,387.6105205734711,393.7228342548557,385.4339359930336,388.3062438964844,15698500,0.0269170105457306,348.2763977050781,False,-40.02984619140625,40.02984619140625
2024-01-25,387.7794588566284,393.0668403985495,383.2970817231635,390.77099609375,15091100,-0.07072458323091273,350.0372619628906,False,-40.733734130859375,40.733734130859375
2024-01-26,391.9338330162665,394.3588856208768,389.190733764685,391.7251281738281,13163700,0.10912095636806703,351.6510925292969,False,-40.07403564453125,40.07403564453125
2024-01-29,392.5698744541917,400.46122825720647,390.6914703140472,398.56292724609375,18742400,0.2726101080576579,353.0718994140625,False,-45.49102783203125,45.49102783203125
2024-01-30,401.1172269095485,403.8702443822703,397.121868104815,397.6088562011719,18614700,0.0,355.4767150878906,False,-42.13214111328125,42.13214111328125
2024-01-31,386.6166039898912,395.561461151611,384.7282513218698,387.7496337890625,20180800,-0.0184731520712375,357.3667907714844,False,-30.382843017578125,30.382843017578125
2024-02-01,391.526295417307,398.0460992609007,390.6417339713754,392.3611450195313,29727100,-0.2940624312032014,358.89837646484375,False,-33.46276855468756,33.46276855468756
2024-02-02,456.7840522194359,482.9825308213264,450.2344325689633,472.0797424316406,84707600,0.10530363313025896,360.1222839355469,False,-111.95745849609375,111.95745849609375
2024-02-05,467.0010355247849,469.00864800314247,456.4063460356149,456.5951843261719,40832400,0.448653404135257,364.3924255371094,False,-92.2027587890625,92.2027587890625
2024-02-06,461.15710076297296,464.2579798634834,450.2244970810922,451.9339599609375,21655200,0.22258317098021504,370.09796142578125,False,-81.83599853515625,81.83599853515625
2024-02-07,455.19384488408633,468.6309972463656,453.3849887014917,466.71282958984375,23066000,0.09664906203173672,374.6651611328125,False,-92.04766845703125,92.04766845703125
2024-02-08,465.4506313755039,467.706712266999,462.1807805672625,467.1203308105469,18815100,0.05921337567269795,379.1647033691406,False,-87.95562744140625,87.95562744140625
2024-02-09,470.0522544059997,470.6883173634584,464.60581936676,465.2418823242188,18413100,-0.2328403703868389,383.3388366699219,False,-81.90304565429693,81.90304565429693
2024-02-12,465.3214277158165,476.21426789829854,463.7212763264938,466.0270690917969,19382000,0.11578222457319495,386.8259582519531,False,-79.20111083984375,79.20111083984375
2024-02-13,454.07078532038025,465.023285979823,452.3016924663456,457.3008728027344,20916600,0.02240890761216477,390.8814392089844,False,-66.41943359375,66.41943359375
2024-02-14,465.0629918187606,471.2051197614083,463.2342691140207,470.3802185058594,16858400,0.0,394.743896484375,False,-75.63632202148438,75.63632202148438
2024-02-15,472.3680025243172,485.62626594797376,469.3267532855638,481.06439208984375,24212300,-0.25142632797360426,398.4136657714844,False,-82.65072631835938,82.65072631835938
2024-02-16,475.1806436421215,476.0254418261027,466.3351792976931,470.4200134277344,23324600,0.10543687976896762,402.0013122558594,False,-68.418701171875,68.418701171875
2024-02-20,466.84205802877113,473.26246954605705,463.70141549883033,468.859619140625,18015500,-0.1843913048505783,405.8675231933594,False,-62.992095947265625,62.992095947265625
2024-02-21,464.13370687149865,466.6210257722033,459.4476065641492,465.6559448242188,12921800,0.0,409.2064514160156,False,-56.44949340820318,56.44949340820318
2024-02-22,477.8039858272761,487.5045292150567,473.6451960516841,483.66412353515625,21625800,0.1627540936072667,411.9703674316406,False,-71.69375610351562,71.69375610351562
2024-02-23,485.5743965519847,491.8523871951448,479.9033275253676,481.5747985839844,18374300,-0.13722501695156095,414.95318603515625,False,-66.62161254882812,66.62161254882812
2024-02-26,481.017652932628,483.67412301156696,478.1622155493116,479.2964172363281,12101400,-0.030110469087958353,417.81854248046875,False,-61.477874755859375,61.477874755859375
2024-02-27,477.5453528283639,484.79835305648805,477.4856596023301,484.5794677734375,10809600,-0.9592450261116028,420.4776916503906,False,-64.10177612304688,64.10177612304688
2024-02-28,482.5398592605076,488.5591587618415,480.3012722845568,481.5648193359375,12715500,0.0,422.5995788574219,False,-58.965240478515625,58.965240478515625
2024-02-29,485.96242982330085,489.2059034516527,480.16198502612906,487.6438598632813,17732000,0.11197245121002194,425.0128173828125,False,-62.63104248046881,62.63104248046881
2024-03-01,489.6137614583092,501.6921959813033,489.3551009528809,499.7520751953125,16273600,-0.4612043421715498,427.710205078125,False,-72.0418701171875,72.0418701171875
2024-03-04,500.4485630048717,501.8613735006119,493.9019530154449,495.6629638671875,12324100,-0.33434566482901573,430.1516418457031,False,-65.51132202148438,65.51132202148438
2024-03-05,492.4891818603496,493.0662265319962,485.4152609132181,487.7334289550781,15325300,-0.3945162296295166,432.8310546875,False,-54.902374267578125,54.902374267578125
2024-03-06,495.10580533869546,500.4187148526618,491.7827509398976,493.5736083984375,11757900,-0.43086858838796616,435.3300476074219,False,-58.243560791015625,58.243560791015625
2024-03-07,500.727171245107,517.2130988283819,498.836814840169,509.5919799804688,18586400,-0.1006059094021718,437.5845031738281,False,-72.00747680664068,72.00747680664068
2024-03-08,511.5818302657337,520.9142561065056,496.81710817540096,503.3836364746094,18597100,0.16292310925200576,440.3173522949219,False,-63.0662841796875,63.0662841796875
2024-03-11,494.48893402114817,494.7973591218226,473.58549721174256,481.1369934082031,20428300,0.0,443.3109130859375,False,-37.826080322265625,37.826080322265625
2024-03-12,490.7579569831796,499.7620388711688,482.27122647367446,497.2150268554688,15448200,-0.5777130722999573,445.40386962890625,False,-51.81115722656256,51.81115722656256
2024-03-13,492.8771642279452,498.43880548351103,488.539264403509,493.0562438964844,12090700,-0.010939736451421513,446.9162902832031,False,-46.13995361328125,46.13995361328125
2024-03-14,497.72249846706455,498.8069659240357,485.6838682512892,489.3352355957031,12620000,0.004417075465122859,448.2670593261719,False,-41.06817626953125,41.06817626953125
2024-03-15,486.52953767894695,489.3352103330871,478.8586243010207,481.6444396972656,29153600,0.03919004198784628,449.2258605957031,False,-32.4185791015625,32.4185791015625
2024-03-18,489.4148164622424,494.8968769978538,484.3406798670799,494.4591064453125,11755300,0.0,449.7904968261719,False,-44.668609619140625,44.668609619140625
2024-03-19,485.6937670543991,494.110845133844,478.8387020614425,493.7228088378906,10903100,-0.24993019737303257,450.09356689453125,False,-43.629241943359375,43.629241943359375
2024-03-20,496.9663269197439,505.62220902321786,492.6583038518146,502.9557800292969,11711100,0.17859850451350212,449.6956787109375,False,-53.260101318359375,53.260101318359375
2024-03-21,512.0992072120919,512.427489597915,503.4433249409809,505.1844482421875,9712500,0.050527677871286855,449.6776123046875,False,-55.5068359375,55.5068359375
2024-03-22,504.4283088124105,507.3832450903792,501.7817976709655,506.9952087402344,8120600,-0.302531123161316,449.9031066894531,False,-57.09210205078125,57.09210205078125
2024-03-25,503.2244135674405,504.647152675605,497.7025474521958,500.4684448242188,8380600,0.056665403147538464,449.7898864746094,False,-50.67855834960943,50.67855834960943
2024-03-26,502.5677856549569,507.4130782302082,492.6980904599536,493.3746643066406,11205400,0.05357538070529698,449.9856872558594,False,-43.38897705078125,43.38897705078125
2024-03-27,496.7673278906444,497.3543618813131,485.59431061422856,491.35491943359375,9989700,0.23245549574494362,449.7186584472656,False,-41.636260986328125,41.636260986328125
2024-03-28,490.3400966676568,490.389861263491,482.6891012766324,483.1169128417969,15212800,-0.40731495991349215,449.9716491699219,False,-33.145263671875,33.145263671875
2024-04-01,484.7287529458191,494.906843157299,479.3362318375502,488.8576965332031,9247000,-0.19923611776903277,449.8487548828125,False,-39.008941650390625,39.008941650390625
2024-04-02,482.6394164476865,495.00636003871153,482.1916868532458,494.84716796875,11081000,-0.4154466986656189,449.1183776855469,False,-45.728790283203125,45.728790283203125
2024-04-03,496.399204303205,504.6670499657288,496.2201246280004,504.1695861816406,12099200,0.05904779955744743,448.31719970703125,False,-55.852386474609375,55.852386474609375
2024-04-04,513.8005016929203,527.3116357014082,507.9901280675933,508.3284301757813,26476300,0.13423453643918035,448.13543701171875,False,-60.19299316406256,60.19299316406256
2024-04-05,514.2382184944101,528.0080419587476,511.80063394861423,524.6651000976562,19263300,-0.906255066394806,448.8569641113281,False,-75.80813598632812,75.80813598632812
2024-04-08,526.5953027550338,528.7940538594455,516.2579905449139,516.6161499023438,13260600,-0.22505439119413495,449.73614501953125,False,-66.8800048828125,66.8800048828125
2024-04-09,519.5809963042401,523.2025471694348,504.1695782322722,514.278076171875,10863800,-0.059335064142942415,451.4734802246094,False,-62.804595947265625,62.804595947265625
2024-04-10,506.70663197996976,519.9093088962906,503.23431437881584,517.1931762695312,11418500,0.04753152001649135,453.387939453125,False,-63.80523681640625,63.80523681640625
2024-04-11,518.4665756329202,521.2026258393438,514.6659458772954,520.5061645507812,10369500,0.1385802954435348,454.7633972167969,False,-65.74276733398438,65.74276733398438
2024-04-12,515.1237071238902,517.551332624631,506.7464043118623,509.3033752441406,11984500,-0.0217994377017021,456.4850158691406,False,-52.818359375,52.818359375
2024-04-15,514.0989424271244,515.899819616972,494.7575784901864,497.692626953125,13512900,0.0699123432859778,457.8749694824219,False,-39.817657470703125,39.817657470703125
2024-04-16,495.5833817594079,502.2096033459289,494.5884541403407,497.22503662109375,9847900,-0.42830268541971844,459.1480407714844,False,-38.076995849609375,38.076995849609375
2024-04-17,500.5481184655757,500.6078116969458,484.6690813026895,491.6634216308594,12193700,0.0,459.35540771484375,False,-32.308013916015625,32.308013916015625
2024-04-18,497.2847319276467,509.611899753546,496.5086895960421,499.2546691894531,14808700,-0.1380686378106475,459.24407958984375,False,-40.010589599609375,40.010589599609375
2024-04-19,500.2495788202588,500.2495788202588,473.31691210394206,478.62982177734375,25215400,0.11955418025276489,459.1707763671875,False,-19.45904541015625,19.45904541015625
2024-04-22,487.23593006211394,489.5143226955656,470.99870485706737,479.2864685058594,17271100,0.02657282240688803,458.9339294433594,False,-20.3525390625,20.3525390625
2024-04-23,488.7582129408432,496.2301293830114,486.48977909071306,493.5836181640625,15079200,0.0750338118523359,457.8595886230469,False,-35.724029541015625,35.724029541015625
2024-04-24,505.4828769845554,507.4130388161332,482.1219677178712,490.9967346191406,37772700,-0.019396792165935074,456.7911071777344,False,-34.20562744140625,34.20562744140625
2024-04-25,419.2624796532268,443.5088601229877,412.39748536624825,439.1411437988281,82890700,-0.302401500986889,456.17523193359375,False,17.034088134765625,17.034088134765625
2024-04-26,439.2207084484237,444.1754585862253,429.7688967077789,441.04144287109375,32691400,-0.3002362869679928,454.59515380859375,False,13.5537109375,13.5537109375
2024-04-29,437.3303985136349,437.5293961901624,426.3861942858407,430.4255981445313,21502600,0.034876504292090695,451.2191467285156,False,20.793548583984318,20.793548583984318
2024-04-30,428.8635173495727,437.3900539204108,427.5402770397191,427.9880065917969,18429500,-0.022300638258457198,446.9254150390625,False,18.937408447265625,18.937408447265625
2024-05-01,426.4259404618824,447.6775776809266,424.9434778127664,436.9622192382813,20344900,0.07320622789363064,441.7408447265625,False,4.778625488281193,4.778625488281193
2024-05-02,436.6140453540112,441.70807005313367,430.0873224129128,439.4396362304688,15221300,0.0,436.6722106933594,False,-2.767425537109432,2.767425537109432
2024-05-03,443.6680379997611,451.86626171232126,441.59860204178574,449.6674499511719,16489100,0.10201624110341065,431.6015319824219,False,-18.06591796875,18.06591796875
2024-05-06,453.2690963997237,463.79544726576734,451.04046832253687,463.31787109375,15094600,0.06836905144155023,426.3731994628906,False,-36.944671630859375,36.944671630859375
2024-05-07,463.9247776514501,469.1381883182669,458.9700275019807,465.8648681640625,13406800,0.4076716974377632,422.3996887207031,False,-43.465179443359375,43.465179443359375
2024-05-08,461.1489420842111,473.1676541191448,460.6514782847675,470.2027893066406,11683900,0.359602151128153,419.5953674316406,False,-50.607421875,50.607421875
2024-05-09,467.6159630384394,473.6651093708879,465.2579895296734,473.0084838867188,9437700,-0.006893392652273215,417.5679626464844,False,-55.44052124023443,55.44052124023443
2024-05-10,474.6700156936645,475.0779396623533,467.2180175185063,473.7845458984375,10750000,-0.3673616424202919,416.0239562988281,False,-57.760589599609375,57.760589599609375
2024-05-13,470.3520250099245,470.9489876451585,460.50224779829614,465.6360778808594,14668800,-0.37227868288755417,414.987060546875,False,-50.649017333984375,50.649017333984375
2024-05-14,461.0195768787777,470.1430759291589,457.7462567171564,469.4565734863281,10478600,0.06637625675648445,414.6643981933594,False,-54.79217529296875,54.79217529296875
2024-05-15,472.57068993054094,480.05253403821496,468.8098650752812,479.097412109375,13100500,-0.41060731576924975,414.6125793457031,False,-64.48483276367188,64.48483276367188
2024-05-16,472.59063136232936,475.26698915633017,470.35204416113936,470.8296203613281,16608200,-0.19211913272738457,415.3486328125,False,-55.480987548828125,55.480987548828125
2024-05-17,468.4417575549018,470.4017661790973,466.0440087120484,469.5162963867188,10807300,-0.3664531987160444,416.49365234375,False,-53.02264404296881,53.02264404296881
2024-05-20,467.566238453616,470.79975315837737,464.67099548981895,466.46185302734375,11745100,0.0,417.9369201660156,False,-48.524932861328125,48.524932861328125
2024-05-21,464.75058392897336,468.3124418035505,459.9251789104995,462.2732238769531,11742200,-0.1446098778396845,419.5338439941406,False,-42.7393798828125,42.7393798828125
2024-05-22,465.4967664020138,471.3170988726535,463.2880259389991,465.4072265625,10078600,0.1260300304740667,420.91033935546875,False,-44.49688720703125,44.49688720703125
2024-05-23,470.4813501579098,471.9538235168064,459.1988752536079,463.4173583984375,11747900,0.07950931083824897,422.28216552734375,False,-41.13519287109375,41.13519287109375
2024-05-24,465.2480423085943,477.4160178618548,463.9347305814687,475.7942810058594,12024300,-0.17034712154418233,424.0842590332031,False,-51.71002197265625,51.71002197265625
2024-05-28,474.1626022126959,478.42089130547726,472.4314378318961,477.4856872558594,10175800,-0.2644827969904457,425.1296691894531,False,-52.35601806640625,52.35601806640625
2024-05-29,472.2523233925684,477.41599990303325,471.2972014282152,471.9538269042969,9226200,0.0355760492384433,426.2381286621094,False,-45.7156982421875,45.7156982421875
2024-05-30,469.2774990691893,469.3371922942102,462.3527813389723,464.680908203125,10719600,-0.09677396528422832,427.3023681640625,False,-37.3785400390625,37.3785400390625
2024-05-31,463.4372619237708,466.7404288285039,452.1547866322656,464.4620361328125,16919800,-0.10908993147313598,428.1348571777344,False,-36.327178955078125,36.327178955078125
2024-06-03,468.4715879026537,477.1672756386004,465.86488248909086,475.0679626464844,11279400,0.15933042640487347,428.65240478515625,False,-46.415557861328125,46.415557861328125
2024-06-04,474.5804545973361,476.46088229346,470.8295885597358,474.5704956054688,7088700,0.0354491397738456,429.1807861328125,False,-45.38970947265631,45.38970947265631
2024-06-05,481.9926913075107,494.1307898940144,481.4554218982064,492.5488586425781,15690500,0.0,429.4364929199219,False,-63.11236572265625,63.11236572265625
2024-06-06,490.479420331172,500.2695042946439,488.40002528581937,491.2554626464844,10667300,0.0351307764649391,430.2394104003906,False,-61.01605224609375,61.01605224609375
2024-06-07,493.39455175078575,496.3793345628318,487.68367701982754,490.4595031738281,9380700,0.0,431.2843017578125,False,-59.175201416015625,59.175201416015625
2024-06-10,491.3549406030967,500.1103218903797,490.90724139106936,500.0506286621094,11220900,0.0,432.200927734375,False,-67.84970092773438,67.84970092773438
2024-06-11,497.6229562202623,505.02521946016685,495.7425286175577,504.8958740234375,9673700,-0.1684152302332223,433.091552734375,False,-71.8043212890625,71.8043212890625
2024-06-12,511.3828125691555,511.4027305527573,501.9111130225961,506.2589416503906,11983200,0.18212050106376407,434.2586975097656,False,-72.000244140625,72.000244140625
2024-06-13,503.144848712662,506.7763285289193,498.8169074027523,501.54302978515625,9954600,0.30953690176829696,436.2791442871094,False,-65.26388549804688,65.26388549804688
2024-06-14,500.5968964653429,505.07851600467984,498.7046631828752,502.1007385253906,10243300,0.02348251454532142,438.3039855957031,False,-63.7967529296875,63.7967529296875
2024-06-17,499.6209064121598,508.6638051304805,493.9840214394314,504.5606384277344,11266600,-0.13461307855322963,440.2209167480469,False,-64.3397216796875,64.3397216796875
2024-06-18,502.4990972117077,503.9332178916874,492.9980553050739,497.4497985839844,13060400,-0.09180390834808355,441.50726318359375,False,-55.942535400390625,55.942535400390625
2024-06-20,499.94951929189,501.6127113444932,494.7408709283321,499.6507568359375,11801200,-0.16832591055168047,442.78900146484375,False,-56.86175537109375,56.86175537109375
2024-06-21,501.3936333184264,501.3936333184264,490.3788111395844,492.759033203125,22359200,0.038169840661187976,443.7104797363281,False,-49.048553466796875,49.048553466796875
2024-06-24,497.1609858447437,505.72583407389845,492.2710375245037,496.8721618652344,13525300,-0.016292937720815342,445.2412414550781,False,-51.63092041015625,51.63092041015625
2024-06-25,495.0197028166631,508.6239098770371,493.4760462117173,508.5143737792969,12063200,0.0550362691283226,446.4540100097656,False,-62.06036376953125,62.06036376953125
2024-06-26,504.5805349863279,511.7112929491304,502.61858041839946,511.0241088867188,8882300,0.2093431670218706,447.2989196777344,False,-63.72518920898443,63.72518920898443
2024-06-27,512.1494363974925,520.7441901881392,511.8008903613414,517.437744140625,10121200,-0.30179538205266,448.00244140625,False,-69.435302734375,69.435302734375
2024-06-28,515.0376705751687,519.7483309396368,501.7820087130066,502.1604614257813,15855100,-0.3239362195134163,448.9128723144531,False,-53.24758911132818,53.24758911132818
2024-07-01,502.8875079258409,504.5108245447137,491.1556253903847,502.61859130859375,10328200,-0.2397699480255445,450.0168762207031,False,-52.601715087890625,52.601715087890625
2024-07-02,498.7145936133174,508.4147996537468,497.4099469016634,507.41888427734375,7739500,-0.7446795046329499,450.93731689453125,False,-56.4815673828125,56.4815673828125
2024-07-03,504.301681484094,509.1916297961415,503.9531050118807,507.87701416015625,6005600,-0.2634148523211479,451.60308837890625,False,-56.27392578125,56.27392578125
2024-07-05,509.5103190433139,538.6607515351633,509.5103190433139,537.7046508789062,21354100,-0.28249687841162086,452.4510192871094,False,-85.25363159179688,85.25363159179688
2024-07-08,540.1347053371187,540.5928483145952,524.498881825066,527.157958984375,14917500,0.0081119313836098,454.0372619628906,False,-73.12069702148438,73.12069702148438
2024-07-09,531.5698881329231,535.2846334266213,526.0326004884434,527.835205078125,8753200,-0.022749379277229326,456.3621520996094,False,-71.47305297851562,71.47305297851562
2024-07-10,528.621947852129,536.6789307107873,526.2018805661719,532.5060424804688,10983300,-0.11022440949454906,458.6873779296875,False,-73.81866455078125,73.81866455078125
2024-07-11,528.7215700201805,533.2729109397583,506.2935345421871,510.6058654785156,16458300,0.0567977353930473,460.9785461425781,False,-49.6273193359375,49.6273193359375
2024-07-12,495.7268848632241,506.014678104307,492.2113045351544,496.8323364257813,19750500,-0.1253014355897903,463.0475769042969,False,-33.78475952148443,33.78475952148443
2024-07-15,496.5933046067324,504.61041148158586,491.3547798364685,494.1333923339844,12539200,-0.26720019355416297,464.3093566894531,False,-29.82403564453125,29.82403564453125
2024-07-16,499.4515899278473,501.891594897228,483.8057669767174,487.7894287109375,14075800,0.0719051249325275,464.8080749511719,False,-22.981353759765625,22.981353759765625
2024-07-17,477.2128167373984,477.2128167373984,457.24469384680464,460.10296630859375,28076600,0.0871654120273888,464.6705322265625,False,4.56756591796875,4.56756591796875
2024-07-18,473.0598683238831,477.2825403701314,462.6426005756553,473.9064025878906,19267200,-0.16667084582149985,463.589599609375,False,-10.316802978515625,10.316802978515625
2024-07-19,474.11546961620206,484.72196225060975,473.7668931573778,474.8424987792969,15149400,-0.03322856780141592,461.63671875,False,-13.205780029296875,13.205780029296875
2024-07-22,484.5924607994057,490.0500876693061,481.92341504840806,485.40911865234375,12023100,-0.43081928696483374,459.23248291015625,False,-26.1766357421875,26.1766357421875
2024-07-23,487.8391747556286,493.1972042383866,485.7278390619599,486.6938781738281,9455500,-0.0038068518042564,456.7941589355469,False,-29.89971923828125,29.89971923828125
2024-07-24,470.3808095206172,474.3545023201049,458.698710704256,459.3858947753906,17649700,0.31845240584678114,454.58544921875,False,-4.800445556640625,4.800445556640625
2024-07-25,461.367786874794,461.6565804634864,440.84195427851495,451.5580139160156,18240500,-0.04542843252420429,452.3622741699219,False,0.80426025390625,0.80426025390625
2024-07-26,462.3039175027458,467.8511429021302,457.543443346744,463.79779052734375,14222400,-0.937457263469696,449.63494873046875,False,-14.162841796875,14.162841796875
2024-07-29,467.9607505216443,472.0240721327689,463.1205856922484,463.8077697753906,11339600,-0.0101064480841159,446.0601806640625,False,-17.747589111328125,17.747589111328125
2024-07-30,465.0925004990839,470.7991067892736,454.8345838443904,461.2980651855469,11390400,-0.023914228503902773,443.1886291503906,False,-18.10943603515625,18.10943603515625
2024-07-31,469.0960070861764,474.5536337950936,464.8434597562643,472.8904418945313,24285800,0.06551000475883485,440.6822509765625,False,-32.20819091796881,32.20819091796881
2024-08-01,518.8719105350699,525.0166913806773,490.08996226727584,495.7069091796875,43083100,0.1417493815223376,438.4602355957031,False,-57.246673583984375,57.246673583984375
2024-08-02,487.002621320717,499.10298712157305,474.2051025959741,486.1461486816406,24044700,0.20847714676832155,438.4341735839844,False,-47.71197509765625,47.71197509765625
2024-08-05,449.5064418406984,481.5052099273104,448.9586701106046,473.786865234375,21396200,0.0559070060650507,438.32269287109375,False,-35.46417236328125,35.46417236328125
2024-08-06,477.043478577752,500.5072430675952,476.6949021077217,492.0718383789063,20955000,0.09522612951695918,437.4991760253906,False,-54.57266235351568,54.57266235351568
2024-08-07,501.074891636302,508.0662064061953,484.8713295461411,486.9229431152344,20105300,0.1454018006722132,436.81939697265625,False,-50.103546142578125,50.103546142578125
2024-08-08,495.4679116917839,507.8770090705679,492.69926809442927,507.5483703613281,16156800,0.4210027474910021,436.5226745605469,False,-71.02569580078125,71.02569580078125
2024-08-09,505.6362141852453,516.2228304562868,503.6344448392047,515.6551513671875,13696600,0.0089855045080184,436.67059326171875,False,-78.98455810546875,78.98455810546875
2024-08-12,514.7489077916398,515.9042038948755,507.0206236225704,513.8426513671875,9767400,-0.0718572959303855,437.1063537597656,False,-76.73629760742188,76.73629760742188
2024-08-13,517.8859767641638,529.3290349818739,516.0335887091818,526.381103515625,13743800,0.20791323930025102,437.7095947265625,False,-88.6715087890625,88.6715087890625
2024-08-14,525.9030762820863,531.818816106162,520.9932207235731,524.6083984375,11444200,-0.4750952906906605,439.3335876464844,False,-85.27481079101562,85.27481079101562
2024-08-15,529.6177831267418,537.5652286695024,524.5486082168562,535.1351928710938,13482100,0.3168606522182624,441.3522033691406,False,-93.78298950195312,93.78298950195312
2024-08-16,529.7274283852108,531.4801884383957,522.5169497908345,525.2656860351562,14776700,-0.2349119844535987,444.02606201171875,False,-81.2396240234375,81.2396240234375
2024-08-19,524.7179737628351,529.4883869352861,520.6247758091592,527.1181640625,9879700,0.4641540050506592,446.74365234375,False,-80.37451171875,80.37451171875
2024-08-20,526.1919304944017,528.9207900265127,523.7320483848197,524.5785522460938,7944400,0.1155159175395965,449.2863464355469,False,-75.29220581054688,75.29220581054688
2024-08-21,524.9968287446477,537.1967924253291,524.7776957474535,532.9740600585938,13423300,0.17922066431492567,451.9009704589844,False,-81.07308959960938,81.07308959960938
2024-08-22,534.8065614773186,542.0070102557922,526.4309398394353,529.7572631835938,15708300,0.13474921882152555,455.0435485839844,False,-74.71371459960938,74.71371459960938
2024-08-23,534.7268709591801,537.664833499161,522.9153290935016,525.8433227539062,11323900,0.017066054046154,457.8710021972656,False,-67.97232055664062,67.97232055664062
2024-08-26,525.4450295446835,525.8434200863666,512.8467340766316,518.9915161132812,9584000,-0.009185084700584389,459.542724609375,False,-59.44879150390625,59.44879150390625
2024-08-27,516.8601703042615,521.8696540933472,513.2051776969478,516.9796752929688,6282700,0.19597226660698647,461.1082763671875,False,-55.87139892578125,55.87139892578125
2024-08-28,515.5555691019088,518.9616439387515,510.3569192759791,514.6692504882812,9106100,-0.10428089532069865,462.3757629394531,False,-52.293487548828125,52.293487548828125
2024-08-29,516.9298983217682,525.0466334932593,513.5736681430914,516.103271484375,8317400,-0.26490065753459935,462.9715270996094,False,-53.131744384765625,53.131744384765625
2024-08-30,519.2204787963079,521.4015359928948,513.0956354478707,519.1806640625,9157500,0.37373160291463137,463.0236511230469,False,-56.157012939453125,56.157012939453125
2024-09-03,517.5174959939684,523.3435768028307,506.54248877194846,509.669677734375,12459100,0.2665968462824821,463.6954650878906,False,-45.974212646484375,45.974212646484375
2024-09-04,504.0028914786801,514.4799404747201,502.011060766785,510.6456298828125,8335200,0.0,464.5034484863281,False,-46.142181396484375,46.142181396484375
2024-09-05,509.6298507687644,519.4993764378627,509.0621716729977,514.7488403320312,8640900,0.0,464.363037109375,False,-50.38580322265625,50.38580322265625
2024-09-06,519.7483409096818,522.4373246835581,496.2148548235703,498.2265930175781,14744500,0.0,463.873046875,False,-34.353546142578125,34.353546142578125
2024-09-09,504.0925180654504,509.2413834137203,500.0291664104619,502.7281188964844,11047800,0.0,463.5566101074219,False,-39.1715087890625,39.1715087890625
2024-09-10,506.0843487688576,512.0797482446605,497.9875520966394,502.7281188964844,9899000,0.0,462.63836669921875,False,-40.089752197265625,40.089752197265625
2024-09-11,504.9390603907125,511.0240886998088,493.57566239613766,509.7393493652344,10782500,0.0,461.67242431640625,False,-48.066925048828125,48.066925048828125
2024-09-12,514.9380602419546,524.558637323084,513.1155179874306,523.453125,11970500,0.0,460.8174133300781,False,-62.635711669921875,62.635711669921875
2024-09-13,518.2146862172555,525.4251045473541,514.997837891112,522.4771728515625,10321400,-0.8441520929336548,459.843505859375,False,-62.6336669921875,62.6336669921875
2024-09-16,522.8958039523781,532.4258356345829,515.7782305715274,531.6084594726562,9527600,0.0,459.44610595703125,False,-72.162353515625,72.162353515625
2024-09-17,535.9148722257875,540.4007670072886,528.9069393503737,534.638916015625,11690800,0.0,459.5766296386719,False,-75.06228637695312,75.06228637695312
2024-09-18,535.3866083959347,542.4942649025305,532.2265615197421,536.2638549804688,10323500,0.0,460.8547668457031,False,-75.40908813476562,75.40908813476562
2024-09-19,548.2760214901399,560.3081952993754,544.8069490423769,557.3474731445312,15647000,0.3356298506259919,462.2674865722656,False,-95.07998657226562,95.07998657226562
2024-09-20,558.244709941919,562.7306049325238,554.5562952253196,559.5904541015625,22066800,-0.2715652519837022,464.5113220214844,False,-95.07913208007812,95.07913208007812
2024-09-23,567.7148800735523,572.1808178690717,560.6470771833491,562.6408081054688,12830700,-0.3274981636554003,467.022705078125,False,-95.61810302734375,95.61810302734375
2024-09-24,564.9037451716252,565.9703985785299,552.4529045706721,561.5642700195312,12993000,-0.02431443631649018,469.79400634765625,False,-91.770263671875,91.770263671875
2024-09-25,562.2819687561209,575.0717700584479,561.9529861073905,566.5286254882812,16543400,0.0644992055992285,472.8287658691406,False,-93.69985961914062,93.69985961914062
2024-09-26,573.9253420066469,575.5901511619721,560.5872770475031,566.0601196289062,14400800,0.1226532820612192,476.1826477050781,False,-89.87747192382812,89.87747192382812
2024-09-27,568.3130057800689,569.0507373700175,562.7405616236127,565.5816040039062,9398400,0.017051607021130604,479.379638671875,False,-86.20196533203125,86.20196533203125
2024-09-30,565.9205581692032,572.8786599094663,563.0296238732356,570.6456909179688,12792300,-0.1332453072748401,482.0273132324219,False,-88.61837768554688,88.61837768554688
2024-10-01,576.1682403455512,581.2123768001103,568.3129361816211,574.6629638671875,15259300,-0.13903237581253053,484.835205078125,False,-89.8277587890625,89.8277587890625
2024-10-02,573.0580884796676,574.1945297556643,567.5554322766549,571.0145263671875,6524700,0.0,487.6036682128906,False,-83.41085815429688,83.41085815429688
2024-10-03,568.3628612159356,581.5314148833746,566.9472684679748,580.9432983398438,11581000,-0.17027601832523948,489.9068908691406,False,-91.03640747070312,91.03640747070312
2024-10-04,581.9003317540365,594.9792034357206,579.6075530643348,594.0720825195312,14169500,0.02824605926871298,491.98822021484375,False,-102.0838623046875,102.0838623046875
2024-10-07,596.3448974918161,601.060113054519,582.2093508822063,582.9470825195312,12014200,0.03361436476310093,494.3929748535156,False,-88.55410766601562,88.55410766601562
2024-10-08,587.8416343595179,591.6994990769665,584.1332629646378,591.0316162109375,7857400,0.09382185091574986,497.0092468261719,False,-94.02236938476562,94.02236938476562
2024-10-09,592.1281300958634,592.5269006344007,579.7869303073873,588.6590576171875,9529700,0.065066872164607,499.3482360839844,False,-89.31082153320312,89.31082153320312
2024-10-10,585.7282672228058,588.3799026728532,580.6941086330197,582.0,7740400,0.0063318647444248,501.5262451171875,False,-80.4737548828125,80.4737548828125
2024-10-11,582.9969439506241,589.3569515432206,580.8835936806419,588.1008911132812,8587100,0.07497894950211045,503.2464294433594,False,-84.85446166992188,84.85446166992188
2024-10-14,592.3573513981993,598.2189250414914,588.1107557408928,588.5692749023438,8252000,-0.032892356937130295,504.18414306640625,False,-84.3851318359375,84.3851318359375
2024-10-15,588.3100722725044,588.758673882389,578.3215220907713,584.4323120117188,9564200,0.0,505.6377258300781,False,-78.79458618164062,78.79458618164062
2024-10-16,579.5775905437882,580.2554517410146,572.2306971262245,574.9819946289062,11268400,-0.32331458292901516,506.8167419433594,False,-68.16525268554688,68.16525268554688
2024-10-17,581.5015453071803,583.1363584188263,573.3970242569936,575.12158203125,8701200,-0.4316756635904312,507.5488586425781,False,-67.57272338867188,67.57272338867188
2024-10-18,579.2784555040395,582.1394543142909,573.4468172928327,574.6629638671875,7694300,-0.31185778478781384,508.2580871582031,False,-66.40487670898438,66.40487670898438
2024-10-21,574.2245067615513,575.4306751680575,567.3261531703059,573.357177734375,8171900,-0.4133795564994216,508.5207824707031,False,-64.83639526367188,64.83639526367188
2024-10-22,572.4898360503465,581.7009238958302,570.3266550651331,580.1856689453125,8544500,-0.16910329461097717,508.5013427734375,False,-71.684326171875,71.684326171875
2024-10-23,578.1520338144135,583.1662963021914,560.7368233674918,561.923095703125,14248400,0.0,508.8735046386719,False,-53.049591064453125,53.049591064453125
2024-10-24,565.352379248696,567.0968940075117,559.7599779672446,566.0003662109375,7184700,0.8888311386108398,509.44488525390625,False,-56.55548095703125,56.55548095703125
2024-10-25,572.1310473191611,579.4679632865792,569.9279525132612,571.4531860351562,11337900,-0.3798964191228151,509.678466796875,False,-61.77471923828125,61.77471923828125
2024-10-28,580.1757074872899,581.9202220716588,572.3204026627383,576.3477172851562,10925100,0.33072354272007937,509.2105712890625,False,-67.13714599609375,67.13714599609375
2024-10-29,578.331560895051,591.8091414711773,573.5964496330529,591.42041015625,13019100,0.16712344003220395,508.9079284667969,False,-82.51248168945312,82.51248168945312
2024-10-30,599.0961635884153,599.3155056206892,587.5325489970706,589.9449462890625,26864900,-0.21616726834326985,508.4972839355469,False,-81.44766235351562,81.44766235351562
2024-10-31,583.1662193357708,588.0508838010732,561.2451604157521,565.8008422851562,26838400,0.039108058099042255,508.6974792480469,False,-57.103363037109375,57.103363037109375
2024-11-01,565.8308648693949,571.8718679316679,560.7967057914752,565.3822631835938,15303200,0.17720737913623452,508.8442687988281,False,-56.537994384765625,56.537994384765625
2024-11-04,562.3317479843915,566.9073869431594,556.1412527884435,558.9224853515625,12064600,-0.23035616303483644,508.45599365234375,False,-50.46649169921875,50.46649169921875
2024-11-05,565.5218170242753,571.6824388511877,564.8937868572937,570.6357421875,9775400,0.25648961526652175,507.38836669921875,False,-63.24737548828125,63.24737548828125
2024-11-06,560.9860599935962,571.2039313662027,553.4298024690905,570.2568969726562,18305400,-0.2305238454469613,506.38531494140625,False,-63.87158203125,63.87158203125
2024-11-07,575.0817610826855,592.9355956705097,573.40703432011,589.8453369140625,14653700,-0.5862969458103179,505.15692138671875,False,-84.68841552734375,84.68841552734375
2024-11-08,589.6857922274284,591.2408999638149,582.6878378356098,587.4927368164062,9415700,-0.14621133108933768,504.2833251953125,False,-83.20941162109375,83.20941162109375
2024-11-11,584.5220444185395,585.160052945909,574.7029435064729,581.342041015625,10209100,-0.23375201225280764,504.16162109375,False,-77.180419921875,77.180419921875
2024-11-12,586.6951878227678,597.7803270952668,578.560792275492,582.9868774414062,16287700,0.21622556447982788,504.1588439941406,False,-78.82803344726562,78.82803344726562
2024-11-13,580.7838112641768,583.8043430221749,573.3671292944587,578.1820068359375,10757600,0.013511011687417813,504.9604187011719,False,-73.22158813476562,73.22158813476562
2024-11-14,575.1914193973914,578.939643581166,571.213935608324,575.3508911132812,11053700,-0.13981815762817856,505.3868408203125,False,-69.96405029296875,69.96405029296875
2024-11-15,569.4294274853681,570.775232288529,549.7712709022105,552.3432006835938,17712900,-0.45729703363031154,505.5069274902344,False,-46.836273193359375,46.836273193359375
2024-11-18,555.2939099997465,558.144991436461,548.3657437769115,552.6622314453125,14327300,0.1114538386464119,505.4080810546875,False,-47.254150390625,47.254150390625
2024-11-19,550.1301887468238,559.670199030822,548.8741284623578,559.331298828125,9522400,0.0753760486841201,505.02923583984375,False,-54.30206298828125,54.30206298828125
2024-11-20,561.1654671706501,564.5747300141007,552.4628511582212,563.7473754882812,9797300,-0.011632657186551563,504.2823791503906,False,-59.464996337890625,59.464996337890625
2024-11-21,567.7349117005874,568.2133877149479,547.3290413836729,561.3250732421875,11154700,0.04277883842587466,503.49163818359375,False,-57.83343505859375,57.83343505859375
2024-11-22,561.7835402193574,562.0626917643333,552.8516642815921,557.3873901367188,9164000,-0.3574875183403492,503.2739562988281,False,-54.113433837890625,54.113433837890625
2024-11-25,560.3379875802592,570.7951561859963,554.6459253851924,563.3385620117188,13599800,-0.4002750162035227,501.863525390625,False,-61.47503662109375,61.47503662109375
2024-11-26,564.2259041539218,575.6898580369078,563.428423878657,571.7422485351562,10356600,-0.1793487723916769,501.1520080566406,False,-70.59024047851562,70.59024047851562
2024-11-27,573.0879994258706,573.1776832448027,562.3317821625797,567.4158325195312,7200200,0.0,500.69384765625,False,-66.72198486328125,66.72198486328125
2024-11-29,567.2164438690074,576.6468129766572,565.1230507511389,572.519775390625,7130500,-0.10845232009887695,500.28582763671875,False,-72.23394775390625,72.23394775390625
2024-12-02,575.6898363387268,592.6365501357109,573.7658931912714,590.9718017578125,12522400,0.13483095914125443,500.2809143066406,False,-90.69088745117188,90.69088745117188
2024-12-03,593.1349366752197,612.2747652879608,589.3966912760062,611.7265014648438,14907200,-0.30320997536182404,500.98114013671875,False,-110.745361328125,110.745361328125
2024-12-04,611.0386421660438,615.8435407320915,603.203233820739,611.8560791015625,14697000,-0.10480735238109319,501.9778137207031,False,-109.87826538085938,109.87826538085938
2024-12-05,615.145779427461,617.9569474371278,605.1471892630866,607.0213012695312,8081200,0.1946939241939357,504.0462646484375,False,-102.97503662109375,102.97503662109375
2024-12-06,608.187683689038,627.815969963217,606.622658225557,621.8148803710938,16935500,0.32208539226225447,506.2789001464844,False,-115.53598022460938,115.53598022460938
2024-12-09,621.9642613672759,624.4365290047741,604.2699000041796,611.646728515625,11426000,0.23142649680376048,508.51446533203125,False,-103.13226318359375,103.13226318359375
2024-12-10,615.6242302023153,623.6290890402158,610.8193313904227,617.3787231445312,10938900,-0.8237792253494263,510.9732666015625,False,-106.40545654296875,106.40545654296875
2024-12-11,621.4160232851857,636.398940507193,619.5818248925854,630.6968383789062,10837200,0.04109580389090945,512.9515380859375,False,-117.74530029296875,117.74530029296875
2024-12-12,629.520540523856,634.6643395468709,625.2440095870248,628.812744140625,7474700,0.09950224931041397,515.874755859375,False,-112.93798828125,112.93798828125
2024-12-13,625.2539790166715,629.1019262683816,614.9564017264901,618.405517578125,8453300,0.18331586290150878,518.69873046875,False,-99.706787109375,99.706787109375
2024-12-16,628.5118922373878,629.6792095440776,617.1384950234287,622.7852783203125,10885600,0.06608977448195218,521.2743530273438,False,-101.51092529296875,101.51092529296875
2024-12-17,624.7107568886487,630.8963205922495,615.103193761423,617.9964599609375,12897800,0.005240309983491848,523.5220947265625,False,-94.474365234375,94.474365234375
2024-12-18,619.5528517396282,625.8980160900031,594.9303721209593,595.79833984375,17075500,-0.9315357406934103,525.9253540039062,False,-69.87298583984375,69.87298583984375
2024-12-19,608.9675380752294,610.0949095508189,593.6133889140597,594.1820678710938,14958100,-0.33357643187046054,527.6106567382812,False,-66.5714111328125,66.5714111328125
2024-12-20,589.2037041887596,601.7044720771678,578.6483432227146,583.8861083984375,48989400,0.023576239496469538,529.0521850585938,False,-54.83392333984375,54.83392333984375
2024-12-23,588.2259739647594,599.6892488609435,584.8838051496438,598.4520874023438,10205800,0.092153400182724,530.5098876953125,False,-67.94219970703125,67.94219970703125
2024-12-24,601.3153720498085,606.5731101523746,597.8834471973506,606.3336791992188,4726100,0.0407667309045791,530.6410522460938,False,-75.692626953125,75.692626953125
2024-12-26,604.069010990469,604.8871074252385,597.5442732843297,601.9439697265625,6081400,0.2199372947216034,530.2321166992188,False,-71.71185302734375,71.71185302734375
2024-12-27,598.0130782329492,600.4473943709115,588.4254884707819,598.4121704101562,8084200,0.0188438333570957,529.6400756835938,False,-68.7720947265625,68.7720947265625
2024-12-30,587.3779342019037,595.5488500662633,584.2153388503573,589.8621215820312,7025900,0.0804918408393859,528.7274780273438,False,-61.1346435546875,61.1346435546875
