Date,Open,High,Low,Close,Volume,BasePrediction,IsTrainingData,PredictionError,AbsoluteError
2023-01-03,237.40392951699792,240.01158153417768,231.8565533725304,233.98565673828125,25740000,,True,,
2023-01-04,226.85610390975128,227.43232343462765,220.6836879280111,223.7503662109375,50623400,,True,,
2023-01-05,221.89472640541456,222.2365596343891,216.5817516272696,217.1189117431641,39585600,,True,,
2023-01-06,217.7927931270933,220.4883398206325,214.22802915573828,219.6777191162109,43613600,,True,,
2023-01-09,221.1622360976978,225.8403946978241,221.123176681892,221.81658935546875,27369800,,True,,
2023-01-10,222.4416512068121,225.90875938940616,222.0216991383432,223.50621032714844,27033900,,True,,
2023-01-11,225.8892181686805,230.44040764705468,225.71342844154773,230.26461791992188,28669300,,True,,
2023-01-12,229.76651770584309,234.29817003437267,228.10621681309263,232.9406280517578,27269500,,True,,
2023-01-13,231.46589026262427,233.78054439645496,229.4344578762405,233.6438140869141,21333300,,True,,
2023-01-17,232.4132709547587,235.2846227239613,231.5538146694224,234.7377014160156,29831300,,True,,
2023-01-18,235.9291745717664,236.7202581070154,230.0204434260072,230.3036651611328,30028700,,True,,
2023-01-19,228.32107414949724,230.02044931118635,225.2934553321454,226.51426696777344,28623000,,True,,
2023-01-20,229.37586152604075,235.118564337364,229.03402830061012,234.61070251464844,35389800,,True,,
2023-01-23,235.4701364255893,239.4450910611621,234.05398311341636,236.9155731201172,31934000,,True,,
2023-01-24,236.83746410442905,238.2536026618758,234.82556885560984,236.38819885253903,40234400,,True,,
2023-01-25,229.00474220423703,237.6187968797975,225.5083356392864,234.9916076660156,66526600,,True,,
2023-01-26,237.96056968728345,242.51175849893383,236.3491044813587,242.20899963378903,33454500,,True,,
2023-01-27,243.1759314324478,243.99631332473223,241.0663652215849,242.3653106689453,26498900,,True,,
2023-01-30,238.80051357034336,239.8650726269568,236.54445608504085,237.0425567626953,25867400,,True,,
2023-01-31,237.765291334152,242.16021359505123,237.2769666384965,242.0234832763672,26541100,,True,,
2023-02-01,242.209029774048,249.22136469253888,239.7381082028261,246.84811401367188,31259900,242.857421875,True,-3.990692138671875,3.990692138671875
2023-02-02,252.77638533264104,258.5093120989408,251.24303873990775,258.4214172363281,39940400,243.17236328125,True,-15.249053955078125,15.249053955078125
2023-02-03,253.47958267391425,258.0307722579508,251.09655585643637,252.3173675537109,29077300,244.83697509765625,True,-7.480392456054659,7.480392456054659
2023-02-06,251.4285991046345,252.26850319934903,248.83070838044688,250.77423095703125,22518000,246.42637634277344,True,-4.3478546142578125,4.3478546142578125
2023-02-07,254.4464132204565,262.49399303825874,254.0069091613423,261.312255859375,50841400,247.7509002685547,True,-13.561355590820312,13.561355590820312
2023-02-08,266.8206006287345,270.2974697516429,259.9938017557166,260.5016784667969,54686000,249.84230041503906,True,-10.659378051757812,10.659378051757812
2023-02-09,267.40664096109856,267.58246053588874,256.66349566630674,257.46435546875,42375100,252.7565155029297,True,-4.7078399658203125,4.7078399658203125
2023-02-10,255.4230744390807,257.9232941080463,254.57339436942812,256.9564208984375,25818500,255.39236450195312,True,-1.564056396484375,1.564056396484375
2023-02-13,261.390434774534,268.187905604371,260.9118563468283,264.9844970703125,44630900,256.7734375,True,-8.2110595703125,8.2110595703125
2023-02-14,266.3030219967699,268.5493038380461,262.99216601321865,265.814697265625,37047900,258.2841796875,True,-7.530517578125,7.530517578125
2023-02-15,262.71093736345534,265.07056133423544,260.6156584468026,263.6900329589844,28922400,259.8016052246094,True,-3.888427734375,3.888427734375
2023-02-16,258.50082598261054,261.1639673790336,256.42514795944504,256.669921875,29603600,260.77130126953125,True,4.10137939453125,4.10137939453125
2023-02-17,253.96763447665677,254.65298350247923,250.64848588771903,252.66542053222656,30000100,261.27935791015625,True,8.613937377929688,8.613937377929688
2023-02-21,249.16023738002588,250.14913347081608,246.33065176998883,247.38807678222656,28397400,261.38580322265625,True,13.997726440429688,13.997726440429688
2023-02-22,248.7784030931242,249.0231769987076,245.10679450937417,246.25233459472656,22491100,260.8870544433594,True,14.634719848632812,14.634719848632812
2023-02-23,250.2176469727612,251.470888034521,245.24383997273415,249.4441680908203,29219100,260.0089111328125,True,10.564743041992188,10.564743041992188
2023-02-24,244.734713648484,245.75296637788725,242.91359545143783,244.0101776123047,24990900,259.60772705078125,True,15.597549438476562,15.597549438476562
2023-02-27,247.1824647048672,247.5349396941545,244.17663424902608,244.9305419921875,21190000,258.45098876953125,True,13.52044677734375,13.52044677734375
2023-02-28,243.86336490920797,246.2327746301661,243.5304610282259,244.2060394287109,22491000,257.1272888183594,True,12.921249389648466,12.921249389648466
2023-03-01,245.5179859908204,245.6844304356118,240.6518800855354,241.12185668945312,27565300,255.886962890625,True,14.765106201171875,14.765106201171875
2023-03-02,241.3959989002767,246.1446031190087,240.47564673843016,245.8606719970703,24808200,254.96678161621094,True,9.106109619140625,9.106109619140625
2023-03-03,246.9180905750437,250.27638088786867,246.1348112059888,249.95327758789065,30760100,254.1624755859375,True,4.209197998046847,4.209197998046847
2023-03-06,251.0694549837424,254.6823198135749,250.62886499128248,251.5002593994141,24109800,253.967529296875,True,2.467269897460909,2.467269897460909
2023-03-07,250.9421463632401,252.303103351022,248.09299002066865,248.83709716796875,21473200,253.88768005371094,True,5.0505828857421875,5.0505828857421875
2023-03-08,248.72943432146891,249.2189821109804,245.56695978437247,248.39654541015625,17340200,253.78646850585938,True,5.389923095703125,5.389923095703125
2023-03-09,250.47221383190453,254.13402137976527,246.320843602342,247.04537963867188,26653400,253.9044647216797,True,6.8590850830078125,6.8590850830078125
2023-03-10,245.83129418074137,247.5055390802723,242.42404610361248,243.39334106445312,28333900,254.41275024414062,True,11.0194091796875,11.0194091796875
2023-03-13,242.2282313532918,252.5185350713201,240.5931435893199,248.6119384765625,33339700,254.7703399658203,True,6.1584014892578125,6.1584014892578125
2023-03-14,251.38277879923007,255.61247868470284,250.51138437002092,255.3383331298828,33620300,255.0402069091797,True,-0.298126220703125,0.298126220703125
2023-03-15,254.5452601893461,260.9093809729157,253.79133752741032,259.89111328125,46028000,255.85670471191406,True,-4.0344085693359375,4.0344085693359375
2023-03-16,259.6659278592618,270.7786685592172,257.7762805795016,270.4262084960937,54768800,257.2046203613281,True,-13.221588134765568,13.221588134765568
2023-03-17,272.4431589301929,277.4071510542046,270.54371102205045,273.58868408203125,69527400,259.16156005859375,True,-14.4271240234375,14.4271240234375
2023-03-20,271.189857247299,271.67940495199,264.2089021976658,266.5391540527344,43466600,262.1742248535156,True,-4.36492919921875,4.36492919921875
2023-03-21,269.13374307260864,269.2512297375731,263.8857762937758,268.0567321777344,34558700,264.4228515625,True,-3.633880615234375,3.633880615234375
2023-03-22,267.68471260704814,275.16501681749725,266.49021486222443,266.5979309082031,34873300,265.71990966796875,True,-0.878021240234375,0.878021240234375
2023-03-23,272.12976684360143,275.1845395871269,269.44705511774464,271.8556213378906,36610900,266.4910583496094,True,-5.36456298828125,5.36456298828125
2023-03-24,271.44442920855886,274.76357732451373,269.5254103782394,274.704833984375,28172000,267.28826904296875,True,-7.41656494140625,7.41656494140625
2023-03-27,274.6362856404628,275.5762089469485,269.7603793312512,270.6024169921875,26840200,267.7362060546875,True,-2.8662109375,2.8662109375
2023-03-28,270.02476204854537,270.3674514567512,266.3629244825979,269.4764709472656,21878600,268.0495300292969,True,-1.42694091796875,1.42694091796875
2023-03-29,273.12844134818954,275.2628920047133,272.5899508360895,274.64605712890625,25087000,268.07275390625,True,-6.57330322265625,6.57330322265625
2023-03-30,278.28828990575926,278.5134627196295,275.5957776176123,278.1120300292969,25053400,268.4106750488281,True,-9.70135498046875,9.70135498046875
2023-03-31,277.79878010007826,283.22294771783334,277.0840296203647,282.2732238769531,32766000,269.11260986328125,True,-13.160614013671875,13.160614013671875
2023-04-03,280.5304371238125,282.243854280698,278.01418435050056,281.2256164550781,24883300,270.48187255859375,True,-10.743743896484375,10.743743896484375
2023-04-04,281.2256389673713,284.3783279836004,279.6982522270493,281.1766662597656,25824300,271.7884521484375,True,-9.388214111328125,9.388214111328125
2023-04-05,279.87447046132644,281.1472827313796,277.00572765537777,278.3960266113281,22064800,273.17034912109375,True,-5.225677490234375,5.225677490234375
2023-04-06,277.2896759756227,285.97424977654526,276.1343502576284,285.5043029785156,29770300,274.2799072265625,True,-11.224395751953125,11.224395751953125
2023-04-10,283.16422470598815,283.54608632492165,278.758294590068,283.3404846191406,23103000,275.6457824707031,True,-7.6947021484375,7.6947021484375
2023-04-11,279.77654407914395,280.00174680479614,275.75247584510697,276.9175720214844,27276600,276.8918151855469,True,-0.0257568359375,0.0257568359375
2023-04-12,278.83662385276324,281.01021712063323,276.0657667752644,277.56378173828125,27403400,278.06549072265625,True,0.501708984375,0.501708984375
2023-04-13,277.6616894967238,283.8397797166335,277.2504861189615,283.7810363769531,24222700,279.0573425292969,True,-4.72369384765625,4.72369384765625
2023-04-14,281.00039397472506,282.44946599648506,277.7595904276163,280.15838623046875,20987900,279.9747619628906,True,-0.183624267578125,0.183624267578125
2023-04-17,283.8691389960497,285.50424155811174,280.1779598756737,282.76275634765625,23836200,280.75250244140625,True,-2.01025390625,2.01025390625
2023-04-18,285.4748530730522,285.6608835895026,281.0101804374834,282.3417358398437,20161800,281.788818359375,True,-0.5529174804686932,0.5529174804686932
2023-04-19,280.01156908541924,283.0075995306708,278.5918982512192,282.420166015625,17150300,282.42376708984375,True,0.00360107421875,0.00360107421875
2023-04-20,279.28699001904164,282.98796979588815,279.1205306378155,280.1289978027344,23244400,282.66949462890625,True,2.540496826171875,2.540496826171875
2023-04-21,279.0520247927153,280.28566483452795,277.14277656950355,279.7863464355469,21676400,283.0205383300781,True,3.23419189453125,3.23419189453125
2023-04-24,276.1930174056924,278.9932457830926,272.8934706931475,275.87969970703125,26611000,283.2724914550781,True,7.392791748046875,7.392791748046875
2023-04-25,273.6670032666064,275.7133093545648,269.6135333988626,269.6625061035156,45772200,283.3665771484375,True,13.704071044921875,13.704071044921875
2023-04-26,290.4976789797235,293.307678595242,286.61066821898174,289.1954650878906,64599200,283.8423767089844,True,-5.35308837890625,5.35308837890625
2023-04-27,289.7829002150644,298.81996255788124,289.0779502504288,298.4576721191406,46462600,285.69683837890625,True,-12.760833740234375,12.760833740234375
2023-04-28,297.65485346356644,302.4719869299771,296.9694746134844,300.8369140625,36469600,287.5496520996094,True,-13.287261962890625,13.287261962890625
2023-05-01,300.5529525833872,302.14888305967634,298.7709915681672,299.17242431640625,21294100,289.204345703125,True,-9.96807861328125,9.96807861328125
2023-05-02,301.3264234827943,302.71672228103625,297.5569000465208,299.0255432128906,26404400,290.4015197753906,True,-8.6240234375,8.6240234375
2023-05-03,300.2103062048158,302.1586970048939,297.7331953825414,298.0367126464844,22360800,291.42041015625,True,-6.616302490234375,6.616302490234375
2023-05-04,299.8381792845817,301.3264234827943,297.05755180847615,299.0255432128906,22519900,292.29437255859375,True,-6.731170654296875,6.731170654296875
2023-05-05,299.32910233190466,305.448449715473,297.9094017870665,304.1560363769531,28197100,293.0427551269531,True,-11.11328125,11.11328125
2023-05-08,303.6469483411657,303.71549220994933,299.69139342347466,302.1978759765625,21318600,294.12945556640625,True,-8.06842041015625,8.06842041015625
2023-05-09,301.5614319841714,303.5587952895824,299.90675810012203,300.58233642578125,21340800,295.044921875,True,-5.53741455078125,5.53741455078125
2023-05-10,302.1684462755373,306.4568893157109,301.23832348494085,305.78131103515625,30078000,295.9491882324219,True,-9.832122802734375,9.832122802734375
2023-05-11,303.61754869817486,304.6162154441753,299.8578252148701,303.6273193359375,31680200,297.1807861328125,True,-6.446533203125,6.446533203125
2023-05-12,304.05809666453393,304.1560121908101,300.1906873534264,302.5111389160156,19774700,298.4810485839844,True,-4.03009033203125,4.03009033203125
2023-05-15,302.6384456998606,303.42171020151784,301.16000183238515,302.99090576171875,16336500,299.2795104980469,True,-3.711395263671875,3.711395263671875
2023-05-16,303.35316000473966,307.15205550564514,303.35316000473966,305.2232360839844,26730300,299.7198791503906,True,-5.50335693359375,5.50335693359375
2023-05-17,306.4301881447826,308.5300175402266,304.9092544308229,308.10809326171875,24315000,300.4050598144531,True,-7.703033447265625,7.703033447265625
2023-05-18,308.62809167291,313.0534746659253,307.83329307901204,312.543212890625,27276000,301.20416259765625,True,-11.33905029296875,11.33905029296875
2023-05-19,310.796685091804,312.76897905978745,310.4336325582829,312.3666687011719,27546700,302.380615234375,True,-9.986053466796875,9.986053466796875
2023-05-22,312.6217450177961,316.5368664420845,312.04281946483945,315.1533203125,24115700,303.7127380371094,True,-11.440582275390625,11.440582275390625
2023-05-23,314.02490557674435,316.6644323894991,309.33459944590936,309.34442138671875,30797200,305.1243896484375,True,-4.22003173828125,4.22003173828125
2023-05-24,308.8244300073926,310.56120702002494,306.74418444642515,307.9609375,23384900,306.8994445800781,True,-1.061492919921875,1.061492919921875
2023-05-25,317.17470817825347,320.7660354537529,313.99551318959146,319.804443359375,43301700,308.29510498046875,True,-11.50933837890625,11.50933837890625
2023-05-26,317.940028599587,327.1440256424356,317.80267115227514,326.64361572265625,36630600,310.1849060058594,True,-16.458709716796875,16.458709716796875
2023-05-30,328.9397044655436,329.44011438601143,324.318062056043,324.9951171875,29503100,312.0938720703125,True,-12.9012451171875,12.9012451171875
2023-05-31,326.0549025994876,329.636407832276,321.18795072131485,322.22808837890625,45950600,313.8875732421875,True,-8.34051513671875,8.34051513671875
2023-06-01,319.81423378408647,327.2716331746607,318.62694664026094,326.3394470214844,26773900,316.1144104003906,True,-10.22503662109375,10.22503662109375
2023-06-02,327.9780910808691,331.16710767327845,326.30997811609336,329.10650634765625,25873800,317.4735412597656,True,-11.632965087890625,11.632965087890625
2023-06-05,328.92986157492777,332.20718550871004,328.3803719300385,329.6363525390625,21307100,318.63507080078125,True,-11.00128173828125,11.00128173828125
2023-06-06,329.0377953258703,329.0770531433708,325.93711647697336,327.41876220703125,20396200,319.6578063964844,True,-7.760955810546875,7.760955810546875
2023-06-07,325.4268516357255,328.2135577533357,316.4485499290521,317.3120422363281,40717100,320.3668518066406,True,3.0548095703125,3.0548095703125
2023-06-08,317.8615607379673,320.5109096534157,317.28263514872793,319.15679931640625,23277700,321.3893127441406,True,2.232513427734375,2.232513427734375
2023-06-09,318.8918688562613,323.79804871469764,318.32276516845866,320.6581115722656,22529000,321.69866943359375,True,1.040557861328125,1.040557861328125
2023-06-12,322.41450809645136,325.86847794256755,319.0586977831723,325.6231689453125,24260300,321.60009765625,True,-4.0230712890625,4.0230712890625
2023-06-13,328.19397978099306,330.65689152573293,324.1905503980353,328.0173645019531,22951300,321.3310852050781,True,-6.686279296875,6.686279296875
2023-06-14,328.06636349307234,332.67818358645866,326.56507396393835,331.01007080078125,26003800,321.2910461425781,True,-9.719024658203125,9.719024658203125
2023-06-15,331.1474868081879,343.2755475907916,330.87274196684893,341.5682067871094,38899100,321.7359924316406,True,-19.83221435546875,19.83221435546875
2023-06-16,344.7277944942439,344.8749738863784,335.5336191446204,335.9064636230469,46552000,323.0726013183594,True,-12.8338623046875,12.8338623046875
2023-06-20,332.943123305957,335.66113574405455,329.55784775287134,331.7067565917969,26375400,325.41241455078125,True,-6.294342041015625,6.294342041015625
2023-06-21,330.0582957138187,331.3927920316485,325.838993566958,327.301025390625,25117800,326.9317932128906,True,-0.369232177734375,0.369232177734375
2023-06-22,327.85052734982696,333.7379426283081,327.0851645614221,333.33563232421875,23556800,327.6499328613281,True,-5.685699462890625,5.685699462890625
2023-06-23,328.0859928290581,331.61844775311465,327.1930945886858,328.7336120605469,23146900,327.9602355957031,True,-0.77337646484375,0.77337646484375
2023-06-26,327.4580354070177,329.8031735626045,322.326161031866,322.4341125488281,21520600,327.8896484375,True,5.455535888671875,5.455535888671875
2023-06-27,325.6329130408029,329.8424231990491,323.1209516740261,328.2920837402344,24354100,327.7000732421875,True,-0.592010498046875,0.592010498046875
2023-06-28,328.38039213208674,331.63810233073093,327.54633567319496,329.5480651855469,20259500,327.3711242675781,True,-2.17694091796875,2.17694091796875
2023-06-29,328.4294754124527,329.80319974916614,326.3786958767617,328.7630920410156,16997000,326.9700012207031,True,-1.7930908203125,1.7930908203125
2023-06-30,331.4123986059452,336.2989637756356,330.87273088226857,334.1500549316406,26832800,326.6634521484375,True,-7.486602783203125,7.486602783203125
2023-07-03,332.8254137820231,334.5033188190337,330.25458046527325,331.6479187011719,12508700,326.7711486816406,True,-4.87677001953125,4.87677001953125
2023-07-05,328.80238226034805,335.239288310843,328.44915165822283,331.8049621582031,18172400,326.6862487792969,True,-5.11871337890625,5.11871337890625
2023-07-06,330.9708256570031,336.55405979331294,329.20461318273215,334.8663330078125,28161200,326.6531982421875,True,-8.213134765625,8.213134765625
2023-07-07,332.952965838011,335.3766196583141,330.6764914106529,330.8923645019531,21214800,327.1233825683594,True,-3.76898193359375,3.76898193359375
2023-07-10,328.32152762825416,328.9397110166737,321.4430546068671,325.6034851074219,32791400,327.8189392089844,True,2.2154541015625,2.2154541015625
2023-07-11,324.8479601120357,326.61417278371005,320.86414468674985,326.23150634765625,26698200,328.3370361328125,True,2.10552978515625,2.10552978515625
2023-07-12,330.2839941982709,335.23922327928665,329.37145204151966,330.87274169921875,29995300,328.417724609375,True,-2.45501708984375,2.45501708984375
2023-07-13,333.18844846906484,337.2900072046909,332.6585727165139,336.23028564453125,20567200,328.7295227050781,True,-7.500762939453125,7.500762939453125
2023-07-14,341.06778168374007,344.8357239330472,337.849329140898,338.7618713378906,28352700,328.9212951660156,True,-9.840576171875,9.840576171875
2023-07-17,339.193596022569,340.4790125699391,335.7789144838815,339.24267578125,20363900,329.75848388671875,True,-9.48419189453125,9.48419189453125
2023-07-18,339.3408493429076,359.89775652883986,335.7495517583705,352.7445373535156,64738600,330.6137390136719,True,-22.13079833984375,22.13079833984375
2023-07-19,354.9620619812482,355.6587310369043,345.82675878722245,348.4172058105469,39732900,333.1949768066406,True,-15.22222900390625,15.22222900390625
2023-07-20,346.9355591197213,351.25299077675766,338.8894133468808,340.3612670898437,33778400,335.7262878417969,True,-4.634979248046818,4.634979248046818
2023-07-21,342.5985119949176,343.72692730245325,333.45338612673345,337.3194580078125,69405400,337.5859375,True,0.2664794921875,0.2664794921875
2023-07-24,339.3604427915747,340.4103723937978,335.8868593129291,338.6343078613281,26678100,339.67266845703125,True,1.038360595703125,1.038360595703125
2023-07-25,340.59678737512286,345.2871238413171,338.595087649529,344.3941955566406,41637700,340.2345886230469,True,-4.15960693359375,4.15960693359375
2023-07-26,335.0331554134673,338.2025578415129,326.85944439453834,331.4320068359375,58383700,340.4707336425781,True,9.038726806640625,9.038726806640625
2023-07-27,334.0912153820297,334.92524195448044,322.87566610660525,324.51434326171875,39635300,340.55657958984375,True,16.042236328125,16.042236328125
2023-07-28,327.40902185998743,333.630054365308,326.91840387112984,332.02081298828125,28484900,339.6802978515625,True,7.65948486328125,7.65948486328125
2023-07-31,330.5980573217884,331.36342022951675,327.1048294959327,329.6168212890625,25446000,337.8702392578125,True,8.25341796875,8.25341796875
2023-08-01,328.90051519144754,332.18766195989383,327.4384830540128,330.0289306640625,18311900,335.75732421875,True,5.7283935546875,5.7283935546875
2023-08-02,327.3697167947092,327.3697167947092,320.23611310138045,321.354736328125,27761300,333.2454833984375,True,11.8907470703125,11.8907470703125
2023-08-03,319.88289830105487,323.6900983235589,319.83384848481404,320.530517578125,18253700,331.00091552734375,True,10.47039794921875,10.47039794921875
2023-08-04,325.65258996189004,328.85142872245865,321.0996408070944,321.6295166015625,23741500,328.64312744140625,True,7.01361083984375,7.01361083984375
2023-08-07,322.208430585424,324.89700739318704,321.374374073945,323.915771484375,17741500,326.6917419433594,True,2.775970458984375,2.775970458984375
2023-08-08,320.82490464522823,322.58132541763825,316.9392185852385,319.9319763183594,22327600,324.9842529296875,True,5.052276611328125,5.052276611328125
2023-08-09,320.34411633722664,320.97209180236405,315.02580407101107,316.1836853027344,22373300,323.4665832519531,True,7.28289794921875,7.28289794921875
2023-08-10,319.9025293676403,322.1005182288563,315.15335102644235,316.8705139160156,20113700,322.1846923828125,True,5.314178466796875,5.314178466796875
2023-08-11,314.25058438633283,316.3602353505344,313.2202688375786,314.98651123046875,24355500,320.9464111328125,True,5.95989990234375,5.95989990234375
2023-08-14,315.3594171589749,317.97930021692355,314.07397059332675,317.9596862792969,18836100,319.9002380371094,True,1.9405517578125,1.9405517578125
2023-08-15,316.9392105100473,318.98999004348366,314.87860903477014,315.8205871582031,16966300,318.7640380859375,True,2.943450927734375,2.943450927734375
2023-08-16,315.44693875811095,319.0065586089997,314.46362532057526,315.0536193847656,20698900,318.2127990722656,True,3.1591796875,3.1591796875
2023-08-17,315.1913076048041,316.49910131427634,310.9335434813975,311.5923767089844,21257200,317.57904052734375,True,5.986663818359375,5.986663818359375
2023-08-18,309.24222157279775,313.0673251029197,306.35127777604174,311.19903564453125,24755000,317.00640869140625,True,5.807373046875,5.807373046875
2023-08-21,312.62478118967624,317.38401382248713,311.74964798242354,316.5088806152344,24040000,316.78863525390625,True,0.279754638671875,0.279754638671875
2023-08-22,320.06850470582657,320.638813261693,316.09591025429995,317.0792236328125,16084600,316.2815246582031,True,-0.797698974609375,0.797698974609375
2023-08-23,318.41655808292467,323.7067890708429,318.0625496482568,321.5434875488281,21166400,316.059814453125,True,-5.483673095703125,5.483673095703125
2023-08-24,327.2959118230331,327.42374738223793,314.6209861195301,314.6308288574219,23281400,316.3861083984375,True,1.755279541015625,1.755279541015625
2023-08-25,316.1057936940379,319.93086762464804,313.4803334316719,317.5906066894531,21684100,316.9531555175781,True,-0.637451171875,0.637451171875
2023-08-28,320.2258699937862,320.7076839940525,316.35161250011487,318.298583984375,14808500,317.2577819824219,True,-1.040802001953125,1.040802001953125
2023-08-29,316.5088669382857,323.49039686555403,316.5088669382857,322.9299011230469,19284600,317.3204345703125,True,-5.609466552734375,5.609466552734375
2023-08-30,323.18565708519924,324.30661885641814,321.0026999429876,323.3036499023437,15222100,317.3813171386719,True,-5.922332763671818,5.922332763671818
2023-08-31,323.7067756652974,325.3882331373902,321.32714408962795,322.2908020019531,26411000,317.6571960449219,True,-4.63360595703125,4.63360595703125
2023-09-01,325.78155572289427,326.45020162379865,321.32714728180537,323.17578125,14942000,318.3683776855469,True,-4.807403564453125,4.807403564453125
2023-09-05,323.51012766421536,329.2625173948681,323.17580468951513,327.98419189453125,18553900,318.9920959472656,True,-8.992095947265625,8.992095947265625
2023-09-06,327.817065694941,328.87903109155945,324.67045043147994,327.3254089355469,17535800,319.6497497558594,True,-7.6756591796875,7.6756591796875
2023-09-07,325.76194572599815,327.5220553277195,323.5396475593756,324.40496826171875,18381000,320.44317626953125,True,-3.9617919921875,3.9617919921875
2023-09-08,324.5819262572276,330.5506459747243,323.9624339954705,328.6921691894531,19530100,321.2030944824219,True,-7.48907470703125,7.48907470703125
2023-09-11,331.6126329067601,332.77296563529865,329.8328378843995,332.30096435546875,16583300,321.95404052734375,True,-10.346923828125,10.346923828125
2023-09-12,330.2163241256409,331.1701393555617,325.9487474293145,326.23388671875,17565500,322.8774108886719,True,-3.356475830078125,3.356475830078125
2023-09-13,325.7815623439832,331.2291270189504,325.64391407139624,330.4523010253906,16544400,323.686279296875,True,-6.766021728515625,6.766021728515625
2023-09-14,333.4907212996785,335.1721787492822,330.9537860249842,333.0482482910156,20267000,324.2837219238281,True,-8.7645263671875,8.7645263671875
2023-09-15,331.2979278629475,331.76989903822374,324.14922101789426,324.709716796875,37679800,325.221435546875,True,0.51171875,0.51171875
2023-09-18,322.33013776149687,324.8867587399462,320.91416398907404,323.5691223144531,16834200,326.6395568847656,True,3.0704345703125,3.0704345703125
2023-09-19,320.7273564750353,323.8936269378206,319.0950525710311,323.1659545898437,16505900,327.0810241699219,True,3.915069580078182,3.915069580078182
2023-09-20,324.01159870782635,324.09025057389067,315.1617783626277,315.4174194335937,21436500,326.8176574707031,True,11.400238037109432,11.400238037109432
2023-09-21,313.93260581832857,319.9209800628248,309.74368166363735,314.1980895996094,35560400,326.26495361328125,True,12.066864013671875,12.066864013671875
2023-09-22,315.9582625950678,316.0860981358559,310.8745192146817,311.7201843261719,21447900,325.8030090332031,True,14.08282470703125,14.08282470703125
2023-09-25,311.30714288538854,312.3691380159858,309.74367839544084,312.2413024902344,17836000,324.7777099609375,True,12.536407470703125,12.536407470703125
2023-09-26,309.8714933481013,310.6089782476986,304.84674729451007,306.931396484375,26297600,323.19012451171875,True,16.25872802734375,16.25872802734375
2023-09-27,307.08874321728234,309.055369891766,304.5223098110852,307.5705871582031,19410100,321.4744873046875,True,13.903900146484375,13.903900146484375
2023-09-28,305.8006890750814,310.2157875767209,304.2864077261309,308.406494140625,19683600,319.5348815917969,True,11.128387451171875,11.128387451171875
2023-09-29,312.44779723009606,314.13909728561697,309.7240302256166,310.4811706542969,24147300,317.51385498046875,True,7.032684326171875,7.032684326171875
2023-10-02,311.0023877021163,316.518791954941,309.9207368674109,316.4302673339844,20570000,316.17022705078125,True,-0.260040283203125,0.260040283203125
2023-10-03,315.47643841498,316.02712155021527,306.0169679036218,308.1606140136719,21033500,314.9932556152344,True,6.8326416015625,6.8326416015625
2023-10-04,308.7899364537143,314.69966017701324,308.76043824911994,313.6376647949219,20720100,314.1473388671875,True,0.509674072265625,0.509674072265625
2023-10-05,313.7654610161512,314.6406243233155,309.64537557701226,314.03094482421875,16965600,313.4177551269531,True,-0.613189697265625,0.613189697265625
2023-10-06,311.2678258217484,323.6969208452724,311.0219974867104,321.79913330078125,25673600,312.8105773925781,True,-8.988555908203125,8.988555908203125
2023-10-09,319.3310305664322,324.7884080000268,317.78722130749577,324.3164367675781,19891200,312.7878723144531,True,-11.528564453125,11.528564453125
2023-10-10,325.43746303721,325.57514134622613,322.2023828755275,322.9103698730469,20557100,313.114013671875,True,-9.796356201171875,9.796356201171875
2023-10-11,325.6832464860802,327.26639677950044,323.64781040646227,326.8730773925781,20063200,313.9222717285156,True,-12.9508056640625,12.9508056640625
2023-10-12,325.0539124253683,328.062848978579,323.23477666400214,325.6340637207031,19313100,315.0262756347656,True,-10.6077880859375,10.6077880859375
2023-10-13,326.83375443130774,328.25954103838023,320.91418780201565,322.2613525390625,21072400,316.2581481933594,True,-6.003204345703125,6.003204345703125
2023-10-16,325.5258912624396,330.5309829095428,325.083418234461,327.0893859863281,22158000,317.7268981933594,True,-9.36248779296875,9.36248779296875
2023-10-17,324.09025768703805,327.8956757176601,321.9466416917106,326.51904296875,18338500,319.046142578125,True,-7.472900390625,7.472900390625
2023-10-18,326.9419145995413,329.9901926245105,322.8218283996396,324.60162353515625,23153600,320.05218505859375,True,-4.5494384765625,4.5494384765625
2023-10-19,326.60751870152404,331.25860158595435,325.3882197669904,325.7913818359375,25052100,321.1448669433594,True,-4.646514892578125,4.646514892578125
2023-10-20,326.1847456816056,326.3814203790721,320.01938102368644,321.2190246582031,25027700,322.4565734863281,True,1.237548828125,1.237548828125
2023-10-23,320.0390357293436,327.1779011119036,318.9770703872469,323.8247985839844,24374700,323.33160400390625,True,-0.493194580078125,0.493194580078125
2023-10-24,325.77172794180206,326.3027255972939,322.13348624926266,325.0145874023437,31153600,323.7944641113281,True,-1.2201232910155682,1.2201232910155682
2023-10-25,339.2627712727239,340.42310386646625,331.9862582686526,334.9853820800781,55053800,324.4431457519531,True,-10.542236328125,10.542236328125
2023-10-26,334.8575167574631,335.929324644414,321.48444998869064,322.4186096191406,37828500,326.39642333984375,True,3.977813720703125,3.977813720703125
2023-10-27,324.9161985018922,331.1012474086533,322.92007375246664,324.3065490722656,29856500,327.9083557128906,True,3.601806640625,3.601806640625
2023-10-30,327.84651090030354,333.78573199598327,326.2928589871081,331.6814270019531,22828100,328.55987548828125,True,-3.121551513671875,3.121551513671875
2023-10-31,333.1957815178894,333.3432725394677,329.105193805489,332.4681091308594,20265300,328.5605163574219,True,-3.9075927734375,3.9075927734375
2023-11-01,334.120080906605,341.6227672265474,333.9824026215242,340.2952880859375,28158800,328.31829833984375,True,-11.97698974609375,11.97698974609375
2023-11-02,341.4457561237559,343.00922092358684,339.016970678104,342.5077514648437,24348100,328.55035400390625,True,-13.957397460937443,13.957397460937443
2023-11-03,343.7959073621998,348.47648927328174,341.53426828379986,346.9129943847656,23637700,329.127685546875,True,-17.785308837890625,17.785308837890625
2023-11-06,347.55209672635783,351.573844508911,347.4537593950185,350.5806884765625,23828300,330.1980285644531,True,-20.382659912109375,20.382659912109375
2023-11-07,353.40285853517474,356.4117953818157,351.66240447944193,354.5140075683594,25833900,331.6357421875,True,-22.878265380859375,22.878265380859375
2023-11-08,355.6448096480016,357.7982685541479,354.53366062237825,357.13946533203125,26767800,333.6145324707031,True,-23.524932861328125,23.524932861328125
2023-11-09,356.2544152579837,358.7028859089797,354.3467849553374,354.6712951660156,24847300,335.9498596191406,True,-18.721435546875,18.721435546875
2023-11-10,355.45793871169803,363.9242823886984,355.0449639030692,363.50146484375,28042100,338.3059997558594,True,-25.195465087890625,25.195465087890625
2023-11-13,362.07568197420926,362.32151033821305,359.79438755425144,360.5613708496094,19986500,340.74493408203125,True,-19.816436767578125,19.816436767578125
2023-11-14,364.8191029634498,365.7434199318085,361.2201724286721,364.0914306640625,27683900,342.9844970703125,True,-21.10693359375,21.10693359375
2023-11-15,365.825621809598,367.64844995922977,361.7168689541496,364.2392883300781,26860100,345.3560791015625,True,-18.883209228515625,18.883209228515625
2023-11-16,365.51028582126,370.8211167467286,364.7417458618893,370.6437683105469,27182300,347.7423400878906,True,-22.90142822265625,22.90142822265625
2023-11-17,368.12133741912425,368.8701819959366,361.60845836518695,364.4165954589844,40157000,350.0813903808594,True,-14.335205078125,14.335205078125
2023-11-20,365.766486587499,373.304096039392,365.5497173582632,371.8951110839844,52465100,352.5839538574219,True,-19.3111572265625,19.3111572265625
2023-11-21,370.15113498600977,370.6930430396719,365.66795990773056,367.5893249511719,28423100,355.4039306640625,True,-12.185394287109375,12.185394287109375
2023-11-22,372.4468320961405,374.2105437680483,369.4613467876635,372.2990417480469,23345300,357.4120178222656,True,-14.88702392578125,14.88702392578125
2023-11-24,371.78668646032,372.4172987463729,369.6288870964328,371.8852233886719,10176600,359.03106689453125,True,-12.854156494140625,12.854156494140625
2023-11-27,371.2447795697606,375.0480885169383,370.6733134944069,373.0478820800781,22179200,359.6145935058594,True,-13.43328857421875,13.43328857421875
2023-11-28,372.7917190522952,377.3734005384554,372.60450791019576,377.0778198242188,20453100,360.1945495605469,True,-16.883270263671932,16.883270263671932
2023-11-29,378.1222959634727,378.6543413206576,371.89513414585895,373.284423828125,28963400,360.7901916503906,True,-12.494232177734375,12.494232177734375
2023-11-30,372.9296627723548,374.5061634778247,369.9540398668522,373.343505859375,30554400,361.78369140625,True,-11.559814453125,11.559814453125
2023-12-01,371.2250631328336,372.60448984781664,365.855116553608,369.0081176757813,33040500,362.86328125,True,-6.144836425781307,6.144836425781307
2023-12-04,363.6776202294819,364.0914332416113,357.568691355028,363.717041015625,32063300,363.7306823730469,True,0.013641357421875,0.013641357421875
2023-12-05,361.0665594377977,367.5991340140636,360.2487359832438,367.04736328125,23065000,363.9154052734375,True,-3.1319580078125,3.1319580078125
2023-12-06,368.0524050737764,368.6829873224875,362.6233417878435,363.3820190429688,21182100,363.433349609375,True,0.05133056640619316,0.05133056640619316
2023-12-07,362.8203549639822,365.9930512435457,360.9384111082578,365.5003967285156,23118900,362.74151611328125,True,-2.758880615234375,2.758880615234375
2023-12-08,363.776165260302,368.9588711566665,362.8204141424842,368.7322692871094,20154400,361.9036865234375,True,-6.828582763671875,6.828582763671875
2023-12-11,363.06672692464986,366.140886665869,360.7216863332907,365.8452758789063,27708800,361.0410461425781,True,-4.804229736328182,4.804229736328182
2023-12-12,365.4019256182351,368.91948670565927,365.0176405940666,368.8800659179688,24838300,360.4431457519531,True,-8.436920166015682,8.436920166015682
2023-12-13,370.4959322910932,372.0921583573253,365.3230593019992,368.87017822265625,30955500,360.0013122558594,True,-8.868865966796875,8.868865966796875
2023-12-14,367.8257861452431,368.2691873263225,358.78065463293524,360.55419921875,43277500,360.14178466796875,True,-0.41241455078125,0.41241455078125
2023-12-15,361.4606868901136,366.9291409353676,360.89905342816303,365.28369140625,78502300,360.68438720703125,True,-4.59930419921875,4.59930419921875
2023-12-18,364.0224743454713,367.52030977000646,363.2637670622168,367.1754455566406,21802900,362.22216796875,True,-4.953277587890625,4.953277587890625
2023-12-19,366.032533628652,367.7765502929688,364.4067793357276,367.7765502929688,20603700,362.49163818359375,True,-5.284912109375057,5.284912109375057
2023-12-20,369.4909521003624,370.5058193793613,365.086618748556,365.17529296875,26316700,362.1195068359375,True,-3.0557861328125,3.0557861328125
2023-12-21,367.0867848625013,368.909612855216,364.603816559464,368.0523986816406,17708000,361.5444641113281,True,-6.5079345703125,6.5079345703125
2023-12-22,368.19031518305366,369.6682789049535,367.2345641067885,369.07708740234375,17107500,360.6966247558594,True,-8.380462646484375,8.380462646484375
2023-12-26,369.4909463405908,371.4024485751995,368.01298255522846,369.1559448242188,12673100,359.8116455078125,True,-9.344299316406307,9.344299316406307
2023-12-27,368.200193175684,369.55006195328735,367.3331162784424,368.5746154785156,14905400,359.1326904296875,True,-9.441925048828125,9.441925048828125
2023-12-28,369.8555199252922,370.92950337498513,368.6633041793762,369.766845703125,14327000,358.63055419921875,True,-11.13629150390625,11.13629150390625
2023-12-29,370.4762652471226,371.6192275460888,367.9932968475244,370.51568603515625,18730800,358.4560546875,True,-12.05963134765625,12.05963134765625
2024-01-02,368.3676650837192,370.3777041729175,361.3818268052928,365.4216003417969,25258600,358.66656494140625,False,-6.755035400390625,6.755035400390625
2024-01-03,363.58897105283376,367.7765353087628,363.0963164344892,365.1556091308594,23083500,359.1427917480469,False,-6.0128173828125,6.0128173828125
2024-01-04,365.2246036426734,367.618897973795,361.77602116650127,362.5346984863281,20901500,359.5047302246094,False,-3.02996826171875,3.02996826171875
2024-01-05,363.5495516205476,366.5941535649678,361.115836594074,362.3474731445313,21004600,359.6094665527344,False,-2.738006591796932,2.738006591796932
2024-01-08,363.8746250380008,369.6879725666923,363.5889070595098,369.1854553222656,23134000,359.51983642578125,False,-9.665618896484375,9.665618896484375
2024-01-09,366.5448504063893,370.46636140674497,365.73688972227416,370.2693176269531,20830000,359.5367126464844,False,-10.73260498046875,10.73260498046875
2024-01-10,370.8408167198824,378.5262464784704,370.7915632878579,377.1467895507813,25514200,359.5802001953125,False,-17.566589355468807,17.566589355468807
2024-01-11,380.3293916415336,384.94063197124007,374.7919581598022,378.9795227050781,27850800,360.1907043457031,False,-18.788818359375,18.788818359375
2024-01-12,379.8268596012935,382.9699985676337,378.9992034255686,382.7630920410156,21661200,361.4367980957031,False,-21.3262939453125,21.3262939453125
2024-01-16,387.8768645882933,388.241424220038,381.925587967106,384.5366516113281,27202300,362.84393310546875,False,-21.692718505859375,21.692718505859375
2024-01-17,382.2803118556429,384.3789953999738,379.1568681538394,383.7484130859375,22234100,364.8342590332031,False,-18.914154052734375,18.914154052734375
2024-01-18,385.965331411229,388.201972530476,384.38883063496286,388.083740234375,23392100,366.8702392578125,False,-21.2135009765625,21.2135009765625
2024-01-19,389.9459487436234,392.8132019042969,387.7191405000406,392.8132019042969,29331100,368.4449157714844,False,-24.3682861328125,24.3682861328125
2024-01-22,394.1433819437023,394.73457348742886,387.8078508984798,390.6849670410156,27016900,370.3497009277344,False,-20.33526611328125,20.33526611328125
2024-01-23,389.93613781643626,393.5128152245442,388.14286775502507,393.0398559570313,20525900,372.3678283691406,False,-20.672027587890682,20.672027587890682
2024-01-24,395.641022160032,399.6709327475664,394.5670388555128,396.6460266113281,24867000,373.9097595214844,False,-22.73626708984375,22.73626708984375
2024-01-25,398.3802111244257,401.03069519921775,396.6164992894369,398.922119140625,21021200,375.61468505859375,False,-23.30743408203125,23.30743408203125
2024-01-26,398.42947961916,400.2030542350716,396.5179773501417,397.9959411621094,17803300,377.2399597167969,False,-20.7559814453125,20.7559814453125
2024-01-29,400.0946013519538,403.95702616378816,398.3900058240243,403.7008361816406,24510200,378.65093994140625,False,-25.049896240234375,25.049896240234375
2024-01-30,406.2035919940408,406.98196463436994,400.478947784385,402.5874938964844,33477600,380.2196044921875,False,-22.367889404296875,22.367889404296875
2024-01-31,400.9814013717962,409.2186014629223,391.3746372046445,391.73919677734375,47871100,382.2845458984375,False,-9.45465087890625,9.45465087890625
2024-02-01,395.9267795782407,402.00615052622754,395.8972215052368,397.84814453125,30657700,384.6650390625,False,-13.18310546875,13.18310546875
2024-02-02,397.8777185090492,406.58784851032016,397.63139120108593,405.1788635253906,28256700,386.2294921875,False,-18.949371337890625,18.949371337890625
2024-02-05,403.8782071207988,405.1197062490565,398.05502654340927,399.6906433105469,25352300,387.24822998046875,False,-12.442413330078125,12.442413330078125
2024-02-06,399.9173050428237,401.97659767351126,396.9909355004256,399.5330200195313,18382600,387.8937072753906,False,-11.639312744140682,11.639312744140682
2024-02-07,401.45440541152726,408.2136124700913,401.414984621922,407.96728515625,22340500,387.9674377441406,False,-19.999847412109375,19.999847412109375
2024-02-08,407.9672510426615,409.4550775160138,406.4695919246692,408.0263671875,21225300,388.0779113769531,False,-19.948455810546875,19.948455810546875
2024-02-09,409.1496686243005,414.637848397784,408.99201553500313,414.3717956542969,22032800,388.46063232421875,False,-25.911163330078125,25.911163330078125
2024-02-12,414.3816422071808,414.55899064975375,408.65699805765166,409.1595153808594,21202900,389.1732177734375,False,-19.986297607421875,19.986297607421875
2024-02-13,398.9910986093642,404.0457394739968,397.4638814201037,400.350830078125,27824900,390.0472412109375,False,-10.3035888671875,10.3035888671875
2024-02-14,402.8186275095737,404.5658388517389,399.3636683825154,404.2203369140625,20401200,390.61248779296875,False,-13.60784912109375,13.60784912109375
2024-02-15,402.8877787891035,403.8650291253485,399.087317301136,401.3280944824219,21825500,390.7598571777344,False,-10.5682373046875,10.5682373046875
2024-02-16,402.71009676405504,403.0358669791949,398.2482739108484,398.86029052734375,22296500,390.7183532714844,False,-8.141937255859375,8.141937255859375
2024-02-20,398.0508194321391,399.284733568485,392.8881419655763,397.6066284179688,24307900,390.5943298339844,False,-7.012298583984432,7.012298583984432
2024-02-21,395.0203117904289,397.1130251474651,392.1082626545496,397.0044250488281,18518900,390.2059020996094,False,-6.79852294921875,6.79852294921875
2024-02-22,404.911396811642,407.5174078202588,403.3122489001272,406.35260009765625,27009900,389.3585510253906,False,-16.994049072265625,16.994049072265625
2024-02-23,410.32087486596646,410.50840209542025,403.7070832004783,405.0594482421875,16295900,389.2196960449219,False,-15.839752197265625,15.839752197265625
2024-02-26,406.16503956653713,406.8560435321,402.11779517864807,402.2955017089844,16193500,389.19549560546875,False,-13.100006103515625,13.100006103515625
2024-02-27,402.7396835605833,403.0654537547415,398.65297570324026,402.23626708984375,14835800,389.12286376953125,False,-13.1134033203125,13.1134033203125
2024-02-28,402.9272470121027,404.0328292486966,400.104065952576,402.4731750488281,13183100,388.90869140625,False,-13.564483642578125,13.564483642578125
2024-02-29,403.3813599660626,408.8698077347499,400.69636155135646,408.3170166015625,31947300,388.6881408691406,False,-19.628875732421875,19.628875732421875
2024-03-01,405.9774393001269,410.5182488621106,405.5924737956083,410.1530151367188,17823400,389.3136291503906,False,-20.839385986328182,20.839385986328182
2024-03-04,408.1195402980253,411.97922704270553,407.0139581345592,409.58050537109375,17596000,389.7977294921875,False,-19.78277587890625,19.78277587890625
2024-03-05,408.6328669666895,408.9191434803682,395.48430086662944,397.4684143066406,26919200,390.3236083984375,False,-7.144805908203125,7.144805908203125
2024-03-06,397.784299256291,399.94611920290095,393.2632511789328,396.9156188964844,22344100,390.89947509765625,False,-6.016143798828125,6.016143798828125
2024-03-07,400.8937223940283,404.50662623949256,397.0636484772568,403.8748779296875,18718500,390.8822937011719,False,-12.992584228515625,12.992584228515625
2024-03-08,402.71006091285966,405.1384255054804,399.12676961447175,400.9924621582031,18002200,390.6590576171875,False,-10.333404541015625,10.333404541015625
2024-03-11,398.5641317733387,400.4594069444738,396.09630359488256,399.3143310546875,16120800,390.35357666015625,False,-8.96075439453125,8.96075439453125
2024-03-12,402.3744831959869,410.2221896174698,401.5551774159086,409.9359130859375,22457000,389.78350830078125,False,-20.15240478515625,20.15240478515625
2024-03-13,412.7195723945268,412.7985296378199,406.1551557542081,409.7581787109375,17115900,389.6614685058594,False,-20.096710205078125,20.096710205078125
2024-03-14,414.83206096573,422.3145333258251,412.6110154706253,419.74798583984375,34157300,389.9415283203125,False,-29.80645751953125,29.80645751953125
2024-03-15,413.8942494694405,417.1616513329244,407.4778966665496,411.0611877441406,45079900,391.2715148925781,False,-19.7896728515625,19.7896728515625
2024-03-18,408.9191759339957,415.3157981490169,408.4552229783943,411.9496765136719,20106000,393.20587158203125,False,-18.743804931640625,18.743804931640625
2024-03-19,412.4530223739616,416.2436327500346,410.2023644083986,415.9869689941406,19837900,394.3623352050781,False,-21.6246337890625,21.6246337890625
2024-03-20,416.5693981535872,420.4784295685996,415.24664585974097,419.7578430175781,17860100,395.1313781738281,False,-24.62646484375,24.62646484375
2024-03-21,424.2986154007834,425.2758958311732,421.6629918116586,423.8445434570313,21296200,395.78936767578125,False,-28.055175781250057,28.055175781250057
2024-03-22,424.1703239707177,424.3282384659813,420.58703259669744,423.22265625,17648500,396.9107971191406,False,-26.311859130859375,26.311859130859375
2024-03-25,419.7676816300529,421.90976968993664,416.1843903852098,417.4183044433594,18060500,397.96502685546875,False,-19.453277587890625,19.453277587890625
2024-03-26,420.1329081875438,420.5080228747841,415.9277496341745,416.223876953125,16725600,398.8136901855469,False,-17.410186767578125,17.410186767578125
2024-03-27,418.9779885582823,418.9878695106981,413.6178731212386,416.0067138671875,16705000,399.432373046875,False,-16.5743408203125,16.5743408203125
2024-03-28,415.5427795552794,416.4410726444904,413.7264615959985,415.3058776855469,21871200,399.8017883300781,False,-15.50408935546875,15.50408935546875
2024-04-01,418.4943066854124,422.38360623153415,416.786558773076,419.1063232421875,16316000,400.2256774902344,False,-18.880645751953125,18.880645751953125
2024-04-02,414.7037305350885,416.944537944627,412.4629532504076,416.0166320800781,17912000,400.4732971191406,False,-15.5433349609375,15.5433349609375
2024-04-03,414.3286014685427,417.8131735008708,413.6968230222425,415.0393371582031,16502300,400.4753112792969,False,-14.56402587890625,14.56402587890625
2024-04-04,419.5208996046495,423.1535654935394,412.1964026116657,412.5024108886719,19370900,400.38067626953125,False,-12.121734619140625,12.121734619140625
2024-04-05,414.60502494858775,421.0213783675685,412.9367706496642,420.0440979003906,16554800,400.4197998046875,False,-19.624298095703125,19.624298095703125
2024-04-08,419.69865168894506,421.7814843891978,417.8526907492084,419.1260986328125,14272400,400.3141174316406,False,-18.811981201171875,18.811981201171875
2024-04-09,420.9522866687586,422.2355453474912,416.1943064293957,420.7943420410156,12496900,400.26544189453125,False,-20.528900146484375,20.528900146484375
2024-04-10,416.7569033069566,418.57322101093126,414.2989563794078,417.8131408691406,16216600,400.1940612792969,False,-17.61907958984375,17.61907958984375
2024-04-11,420.340202357621,423.8445059638332,416.9247068169411,422.4230346679688,17966400,400.17083740234375,False,-22.252197265625057,22.252197265625057
2024-04-12,418.5929987916464,419.70846193552615,414.3680782034512,416.4706726074219,19253800,400.3751525878906,False,-16.09552001953125,16.09552001953125
2024-04-15,421.110230165818,421.3274002627743,408.1096973329742,408.3170166015625,20273500,400.7166748046875,False,-7.600341796875,7.600341796875
2024-04-16,409.23502221897127,413.0157217686464,408.4058355582689,409.244873046875,16765600,401.0828857421875,False,-8.1619873046875,8.1619873046875
2024-04-17,411.88051429574114,413.4895430541291,405.0495527869367,406.5401306152344,15855500,400.7865905761719,False,-5.7535400390625,5.7535400390625
2024-04-18,405.34573674704745,406.5895318440509,398.7517067920222,399.0675659179688,21029900,400.18701171875,False,1.1194458007811932,1.1194458007811932
2024-04-19,398.8306438099327,400.2619961941858,392.6511924508159,393.98382568359375,30565800,399.28582763671875,False,5.302001953125,5.302001953125
2024-04-22,394.9314905053024,397.6658635779924,390.6572250877696,395.8001708984375,20286900,398.27081298828125,False,2.47064208984375,2.47064208984375
2024-04-23,399.0379699896353,402.9470318520377,397.8731622187036,402.32513427734375,15734500,396.6484375,False,-5.67669677734375,5.67669677734375
2024-04-24,404.2894334975021,407.161988774001,401.54521009115024,403.7958679199219,15065300,394.9239807128906,False,-8.87188720703125,8.87188720703125
2024-04-25,388.9593393273181,394.74394432686086,383.0365516126927,393.9048767089844,40586500,393.4549865722656,False,-0.44989013671875,0.44989013671875
2024-04-26,406.8659105019104,407.6852162044792,400.5383954199284,401.0911865234375,29694700,392.2947082519531,False,-8.796478271484375,8.796478271484375
2024-04-29,400.03497187375575,401.09120962785465,394.0529584180936,397.0735778808594,19582100,391.82257080078125,False,-5.251007080078125,5.251007080078125
2024-04-30,396.32331323474864,396.9847044226994,384.16187921211525,384.3197937011719,28781400,390.9683532714844,False,6.6485595703125,6.6485595703125
2024-05-01,387.5576027140766,396.55038446355206,385.287212788776,389.8576354980469,23562500,390.01611328125,False,0.158477783203125,0.158477783203125
2024-05-02,392.5425689877943,394.7833458091865,389.5712946448992,392.7202453613281,17709400,388.738037109375,False,-3.982208251953125,3.982208251953125
2024-05-03,397.1031789253354,401.9105035456356,396.68857052359846,401.42681884765625,17446700,387.3143615722656,False,-14.112457275390625,14.112457275390625
2024-05-06,403.4997454283101,408.6031966913456,401.140487479453,408.2182312011719,16996600,386.2369689941406,False,-21.98126220703125,21.98126220703125
2024-05-07,409.3238106288364,409.33369158039415,403.8254828348744,404.072265625,20018200,385.74151611328125,False,-18.33074951171875,18.33074951171875
2024-05-08,402.917400584872,406.92515129872777,401.47616718048914,405.25689697265625,11792300,385.9169006347656,False,-19.339996337890625,19.339996337890625
2024-05-09,405.28649730886616,407.40882353824776,403.8354131206633,407.0139770507813,14689700,386.04620361328125,False,-20.967773437500057,20.967773437500057
2024-05-10,407.62600771381045,410.0346105329173,406.50066355453686,409.40283203125,13402300,386.402099609375,False,-23.000732421875,23.000732421875
2024-05-13,412.6307673185676,412.96638834799694,405.5332908105689,408.3959655761719,15440200,386.9739990234375,False,-21.421966552734375,21.421966552734375
2024-05-14,406.7177872432058,412.1173961263277,406.2538343729978,411.1993713378906,15109300,387.84161376953125,False,-23.357757568359375,23.357757568359375
2024-05-15,413.2662380290556,419.1107104287916,412.64321876209584,418.3887939453125,22239500,388.70111083984375,False,-29.68768310546875,29.68768310546875
2024-05-16,417.122946000089,420.70283173045664,415.6890421322498,416.3219299316406,17530100,390.1044921875,False,-26.217437744140625,26.217437744140625
2024-05-17,417.85481010987854,418.230601431262,413.3948081311344,415.5506286621094,15352200,391.7002868652344,False,-23.850341796875,23.850341796875
2024-05-20,415.55062632751,422.03788543513167,415.3330645205205,420.6237487792969,16272100,393.1985168457031,False,-27.42523193359375,27.42523193359375
2024-05-21,422.0971677395987,428.1691000651555,420.13914188778193,424.2826843261719,21453300,394.54705810546875,False,-29.735626220703125,29.735626220703125
2024-05-22,425.32108253196407,427.6153652054061,422.393911984686,425.7463073730469,18073700,396.2174377441406,False,-29.52886962890625,29.52886962890625
2024-05-23,428.1691242148773,428.792143449846,420.7028525285379,422.2653198242188,17211700,397.9107971191406,False,-24.354522705078182,24.354522705078182
2024-05-24,422.4532201515353,426.2803038610864,419.704046646492,425.3902893066406,11855300,399.6758117675781,False,-25.7144775390625,25.7144775390625
2024-05-28,424.8662018776741,426.0430093905557,421.8698001868635,425.5485534667969,15718000,400.86419677734375,False,-24.684356689453125,24.684356689453125
2024-05-29,420.96986151310944,426.1616484009117,420.96986151310944,424.4112854003906,15517100,401.86566162109375,False,-22.545623779296875,22.545623779296875
2024-05-30,419.5952468817441,419.5952468817441,409.64679700979286,410.0720520019531,28394500,402.69390869140625,False,-7.378143310546875,7.378143310546875
2024-05-31,412.1290098934204,412.1290098934204,400.0247386123212,410.5269775390625,47995300,403.40203857421875,False,-7.12493896484375,7.12493896484375
2024-06-03,410.9225062489826,411.81252080542527,404.38581394057536,408.9347839355469,17484700,404.0951232910156,False,-4.83966064453125,4.83966064453125
2024-06-04,407.85685925302585,411.82240496411936,405.1373519842431,411.4565124511719,14348900,403.68316650390625,False,-7.773345947265625,7.773345947265625
2024-06-05,413.1772068910032,419.37767256450087,411.68394052355205,419.3084716796875,16988000,402.51519775390625,False,-16.79327392578125,16.79327392578125
2024-06-06,419.3084807052153,420.5940539083252,415.9164904670929,419.8128051757813,14861300,401.4729919433594,False,-18.339813232421932,18.339813232421932
2024-06-07,421.4742479856217,421.5533476557977,418.30971795306937,419.1502990722656,13621700,400.6549377441406,False,-18.495361328125,18.495361328125
2024-06-10,419.99086828849937,423.33336493941925,419.1898521166903,423.1257019042969,13982900,400.1642761230469,False,-22.96142578125,22.96142578125
2024-06-11,420.76220781136936,428.0208168757502,420.53474723054455,427.8823547363281,14551100,399.95184326171875,False,-27.930511474609375,27.930511474609375
2024-06-12,430.493059431206,438.483452891498,428.4460049171592,436.1694030761719,22366200,400.0870666503906,False,-36.08233642578125,36.08233642578125
2024-06-13,435.9617684934111,438.4736128892405,434.498168180252,436.68365478515625,15960600,401.1740417480469,False,-35.509613037109375,35.509613037109375
2024-06-14,433.4202190445554,438.2263456039005,431.87751920555326,437.6626586914063,13582000,402.7182312011719,False,-34.94442749023443,34.94442749023443
2024-06-17,437.68246749988464,445.9398870196781,435.8332072728674,443.39837646484375,20790000,404.21356201171875,False,-39.184814453125,39.184814453125
2024-06-18,444.7234969265718,445.1487519174416,439.9569652032749,441.390869140625,17112500,406.1361389160156,False,-35.254730224609375,35.254730224609375
2024-06-20,441.351318534406,441.5787791099604,436.3770934521975,440.7579956054688,19877400,408.2135009765625,False,-32.54449462890631,32.54449462890631
2024-06-21,442.4194031605516,445.5839030794592,441.5590546507887,444.7927856445313,34187100,410.19659423828125,False,-34.59619140625006,34.59619140625006
2024-06-24,444.812502964026,447.729804763038,441.4601077502006,442.7061462402344,15913700,412.5977478027344,False,-30.1083984375,30.1083984375
2024-06-25,443.27969425576566,446.4145577985047,441.79632662300793,445.9497680664063,16413400,414.4493713378906,False,-31.500396728515682,31.500396728515682
2024-06-26,444.0214277051093,448.5704283232279,443.2204115082174,447.1463928222656,16507000,415.83453369140625,False,-31.311859130859375,31.311859130859375
2024-06-27,447.166151136112,451.1119299222234,446.76069365788027,447.8287353515625,14806300,416.9962463378906,False,-30.832489013671875,30.832489013671875
2024-06-28,448.04624507062687,450.33062875420535,441.4600893226712,441.9941101074219,28362300,418.0434875488281,False,-23.95062255859375,23.95062255859375
2024-07-01,443.68512479077776,452.2985372058129,440.7183897051721,451.6656494140625,17662800,419.3735046386719,False,-32.292144775390625,32.292144775390625
2024-07-02,448.1748078930114,454.4939381515054,448.085779279666,454.1873779296875,13979800,420.3861999511719,False,-33.801177978515625,33.801177978515625
2024-07-03,453.10947910710325,455.9080860928665,452.80291887761234,455.6608581542969,9932800,421.0289611816406,False,-34.63189697265625,34.63189697265625
2024-07-05,454.51368927600026,463.1567980049815,453.8808014849039,462.3755493164063,16000300,421.57098388671875,False,-40.80456542968756,40.80456542968756
2024-07-08,461.3767506483888,462.5140232691351,459.30992877619343,461.0701904296875,12962300,422.4526062011719,False,-38.617584228515625,38.617584228515625
2024-07-09,461.8217613159388,462.1480888962693,452.92155606573874,454.4444885253906,17207200,423.5253601074219,False,-30.91912841796875,30.91912841796875
2024-07-10,456.1059440677891,461.2878327248943,453.7720963093215,461.0801696777344,18196100,424.69000244140625,False,-36.390167236328125,36.390167236328125
2024-07-11,457.8464226148848,459.6264518865709,446.5431371483352,449.6582336425781,23111200,425.78314208984375,False,-23.875091552734375,23.875091552734375
2024-07-12,449.2922544857781,451.2997440970952,445.653066550447,448.5209045410156,16324300,426.7770690917969,False,-21.74383544921875,21.74383544921875
2024-07-15,448.2737061930426,452.1898186441624,446.4244459584992,448.9263916015625,14429400,427.1564636230469,False,-21.769927978515625,21.769927978515625
2024-07-16,449.1835423040314,449.2626419732897,441.7073711225493,444.53564453125,17175700,427.0583190917969,False,-17.477325439453125,17.477325439453125
2024-07-17,437.6824616204732,439.9174119033302,434.3102688250729,438.6021423339844,21778000,426.6690368652344,False,-11.93310546875,11.93310546875
2024-07-18,439.41301059106655,439.7195707963603,429.5832261150828,435.4870300292969,20794800,425.8780517578125,False,-9.608978271484375,9.608978271484375
2024-07-19,428.2976681537138,436.2485267618823,427.209859235563,432.26318359375,20940400,424.75091552734375,False,-7.51226806640625,7.51226806640625
2024-07-22,436.89132199854777,439.6701615477493,434.0432513851847,438.028564453125,15808800,423.2274169921875,False,-14.8011474609375,14.8011474609375
2024-07-23,438.9779716060993,443.4182064095746,438.1868541843924,439.9174499511719,13107100,421.77850341796875,False,-18.138946533203125,18.138946533203125
2024-07-24,435.5662057633114,436.5847836899896,422.8487845737653,424.1442565917969,26805800,420.4024353027344,False,-3.7418212890625,3.7418212890625
2024-07-25,424.04532631349326,425.0342380168169,412.8805349119865,413.7606506347656,29943800,419.2508850097656,False,5.490234375,5.490234375
2024-07-26,413.5629210032518,424.1640565570156,412.64321010602674,420.5545043945313,23583800,417.83135986328125,False,-2.723144531250057,2.723144531250057
2024-07-29,426.7945502371275,427.35823721785147,419.9908622622184,421.9983520507813,15125800,415.9088134765625,False,-6.089538574218807,6.089538574218807
2024-07-30,422.97732451431415,424.2925638306224,412.7321833431071,418.2305603027344,32687600,413.9862060546875,False,-4.244354248046875,4.244354248046875
2024-07-31,415.83742760783406,417.1032335524809,407.6393400259856,413.7112731933594,42891400,412.44134521484375,False,-1.269927978515625,1.269927978515625
2024-08-01,416.12417291556886,422.7201972162586,408.5095405668338,412.4849548339844,30296400,411.1645202636719,False,-1.3204345703125,1.3204345703125
2024-08-02,407.9162184867556,410.3983967606497,399.8565933572946,403.9605712890625,29437900,409.751708984375,False,5.7911376953125,5.7911376953125
2024-08-05,384.85479031825656,396.5931676964823,381.3045706583986,390.7684631347656,40709200,407.833251953125,False,17.064788818359375,17.064788818359375
2024-08-06,395.5647367351895,401.17188015725634,394.0813689724325,395.1790466308594,24946500,405.0906677246094,False,9.91162109375,9.91162109375
2024-08-07,404.1088952385133,405.5329003345715,393.062738170502,394.0120849609375,20650900,402.0627746582031,False,8.050689697265625,8.050689697265625
2024-08-08,397.9776560901087,401.3597174512935,395.5053766591639,398.2248840332031,20203000,399.1025085449219,False,0.87762451171875,0.87762451171875
2024-08-09,399.55004994709526,403.52546468375385,397.7996868528818,401.5179748535156,19276700,396.3028869628906,False,-5.215087890625,5.215087890625
2024-08-12,402.5464222781896,404.22758435718055,399.75768384658,402.2991943359375,16762900,393.86029052734375,False,-8.43890380859375,8.43890380859375
2024-08-13,405.0483994374045,410.3489826258754,405.02863206499177,409.4194030761719,19414300,391.8588562011719,False,-17.560546875,17.560546875
2024-08-14,410.200606537794,413.0882423005823,407.87668792866015,412.2377624511719,18267000,390.6485595703125,False,-21.589202880859375,21.589202880859375
2024-08-15,415.8934346982465,417.19124174906176,413.7733647214418,417.1119995117188,20752100,390.164794921875,False,-26.947204589843807,26.947204589843807
2024-08-16,416.6859891605723,417.4190931983878,413.4166801400684,414.5758056640625,22775600,390.5030517578125,False,-24.07275390625,24.07275390625
2024-08-19,415.0612389392474,417.8252842584304,412.5845034071879,417.6073303222656,15234000,391.40191650390625,False,-26.205413818359375,26.205413818359375
2024-08-20,417.7757654099591,421.8970267669262,417.7163261753405,420.8468933105469,16387600,392.240478515625,False,-28.606414794921875,28.606414794921875
2024-08-21,420.1335542188186,422.4319718612453,417.7955305792916,420.1930236816406,16067300,393.29376220703125,False,-26.899261474609375,26.899261474609375
2024-08-22,420.4109349910718,422.8183446386234,410.75166748787615,411.6829223632813,19361900,394.54351806640625,False,-17.139404296875057,17.139404296875057
2024-08-23,413.09964177069946,415.3584231370706,408.2551330501382,412.9114074707031,18493800,395.80670166015625,False,-17.104705810546875,17.104705810546875
2024-08-26,412.4953551222988,413.3968905070922,407.5121643134923,409.6421508789063,13152800,396.6271667480469,False,-13.014984130859432,13.014984130859432
2024-08-27,409.01800038370646,410.5040417108967,406.43230298651787,409.9888916015625,13492900,396.8622741699219,False,-13.126617431640625,13.126617431640625
2024-08-28,411.0192227861693,411.13810125518216,403.5196602855256,406.779052734375,14882700,396.8045959472656,False,-9.974456787109375,9.974456787109375
2024-08-29,411.078675041423,418.12249665584295,406.77906561893394,409.2756042480469,17045200,396.6271057128906,False,-12.64849853515625,12.64849853515625
2024-08-30,411.7325316355679,413.604928025177,408.2948214180594,413.2582092285156,24308300,396.52630615234375,False,-16.731903076171875,16.731903076171875
2024-09-03,414.0210337222503,415.9727025855997,403.242275547016,405.6298522949219,20313600,396.7052307128906,False,-8.92462158203125,8.92462158203125
2024-09-04,402.13271297104455,407.4131001038253,400.6070353366408,405.0948791503906,15135800,396.911376953125,False,-8.183502197265625,8.183502197265625
2024-09-05,403.8267457621573,409.25576060406553,402.35062114910426,404.589599609375,14195500,396.39337158203125,False,-8.19622802734375,8.19622802734375
2024-09-06,405.2533474753259,406.8285475492744,397.0702041035056,397.96185302734375,19609500,395.6098937988281,False,-2.351959228515625,2.351959228515625
2024-09-09,403.4503023301037,404.84718480089737,398.40767240518096,401.9444580078125,15295100,394.827880859375,False,-7.1165771484375,7.1165771484375
2024-09-10,404.4014154009755,412.4557344655397,403.90606826316616,410.3455810546875,19594300,393.8961181640625,False,-16.449462890625,16.449462890625
2024-09-11,411.6334589269,420.0444433948456,405.7685356918772,419.1033020019531,19266900,393.33135986328125,False,-25.771942138671875,25.771942138671875
2024-09-12,419.37076416429335,423.39298024346107,415.8438951907728,423.02642822265625,17395700,393.2887268066406,False,-29.737701416015625,29.737701416015625
2024-09-13,421.867323971708,427.8114895392981,421.5007719324142,426.5830383300781,15874600,393.83612060546875,False,-32.746917724609375,32.746917724609375
2024-09-16,426.59294574191983,429.4956726087264,424.2350886136153,427.3260498046875,13834700,394.8955078125,False,-32.4305419921875,32.4305419921875
2024-09-17,436.1332986571775,437.7382183505998,428.2473514166882,431.1005554199219,18874200,396.29339599609375,False,-34.807159423828125,34.807159423828125
2024-09-18,430.95197545729616,431.9723892702998,426.40469272360485,426.8009643554688,18898000,398.3268127441406,False,-28.474151611328182,28.474151611328182
2024-09-19,437.1240071994986,437.3914837460106,432.8342844371603,434.6076354980469,21706600,400.4075622558594,False,-34.2000732421875,34.2000732421875
2024-09-20,433.1513176803596,435.1525090726311,430.1792350917016,431.2194519042969,55167100,402.7879333496094,False,-28.4315185546875,28.4315185546875
2024-09-23,430.23868426031646,432.3983904018878,426.38489946949306,429.4758605957031,15128900,406.0720520019531,False,-23.40380859375,23.40380859375
2024-09-24,428.9705844602765,429.31733347364775,422.1348005929618,425.1762390136719,17015800,408.013916015625,False,-17.162322998046875,17.162322998046875
2024-09-25,425.83002485002345,429.0894168519943,424.58177086294126,428.08880615234375,13396400,408.9693908691406,False,-19.119415283203125,19.119415283203125
2024-09-26,431.0411178765214,431.2491551844422,425.1365891561316,427.2962951660156,14492000,409.2280578613281,False,-18.0682373046875,18.0682373046875
2024-09-27,427.5043560158928,427.8313020370733,423.49205654568107,424.0369262695313,14896100,409.2715759277344,False,-14.765350341796932,14.765350341796932
2024-09-30,424.225137648764,426.4145935098266,421.41156986331913,426.2956848144531,16807300,409.0967712402344,False,-17.19891357421875,17.19891357421875
2024-10-01,424.4629742513201,424.4926938702289,414.9126669274289,416.7751770019531,19092900,408.8060607910156,False,-7.9691162109375,7.9691162109375
2024-10-02,418.6475255390392,418.8853126966806,412.8321556473641,413.2482604980469,16582300,408.33648681640625,False,-4.911773681640625,4.911773681640625
2024-10-03,413.74364093705873,415.6457569500303,410.43472579830313,412.6637878417969,13686400,407.45941162109375,False,-5.204376220703125,5.204376220703125
2024-10-04,414.3479385531917,415.8438964916741,411.1083793562167,412.188232421875,19169700,406.1408996582031,False,-6.047332763671875,6.047332763671875
2024-10-07,412.12878843935687,413.22844449254166,405.1939290185023,405.7289123535156,20919800,404.9077453613281,False,-0.8211669921875,0.8211669921875
2024-10-08,407.0762266898708,411.791940593935,404.37165096667,410.8507690429688,19229300,403.6036376953125,False,-7.247131347656307,7.247131347656307
2024-10-09,411.99010893472126,416.4680664316237,410.4446282759856,413.5752258300781,14974300,402.1951904296875,False,-11.380035400390625,11.380035400390625
2024-10-10,411.3659364512592,413.4662031795296,409.3052757201966,411.9702453613281,13848400,400.9098815917969,False,-11.06036376953125,11.06036376953125
2024-10-11,412.2674830881502,413.2482606337857,409.4043624478393,412.44580078125,14144900,399.6620788574219,False,-12.783721923828125,12.783721923828125
2024-10-14,413.8822865985765,420.0939583051494,413.63461305961806,415.2395629882813,16653100,398.5833435058594,False,-16.656219482421932,16.656219482421932
2024-10-15,418.2512520382671,418.54847842558434,411.3956654011264,414.84326171875,18900200,397.99285888671875,False,-16.85040283203125,16.85040283203125
2024-10-16,411.3065088320687,412.48540707078536,406.660150790306,412.2476501464844,15508900,397.83941650390625,False,-14.408233642578125,14.408233642578125
2024-10-17,418.4296327349341,418.5683444499524,411.72264316476367,412.8421325683594,14820000,397.5104675292969,False,-15.3316650390625,15.3316650390625
2024-10-18,413.2582100340754,415.7448320191293,412.3863942649773,414.2687072753906,17145300,397.4441223144531,False,-16.8245849609375,16.8245849609375
2024-10-21,412.2476539277434,415.0612217475957,409.89971357797583,414.8829040527344,14206100,397.6867980957031,False,-17.19610595703125,17.19610595703125
2024-10-22,414.595626294547,426.57311612841215,414.1498320229674,423.5317077636719,25482200,397.5442810058594,False,-25.9874267578125,25.9874267578125
2024-10-23,426.85046750389023,427.068421426513,418.59799852659256,420.6487426757813,19654400,398.06756591796875,False,-22.581176757812557,22.581176757812557
2024-10-24,421.3719802653427,422.0159557272698,418.4692533123088,420.777587890625,13581600,398.9341125488281,False,-21.843475341796875,21.843475341796875
2024-10-25,422.78866124967664,428.4950392124222,422.6004269353124,424.1657104492188,16899100,399.576904296875,False,-24.588806152343807,24.588806152343807
2024-10-28,427.64303527641664,427.9204284257387,422.332898974784,422.6202087402344,14882400,400.41729736328125,False,-22.202911376953125,22.202911376953125
2024-10-29,424.017135059726,429.1390375874088,421.83759563654417,427.9303894042969,17644100,401.3132629394531,False,-26.61712646484375,26.61712646484375
2024-10-30,433.3692866656604,434.4194201314416,428.0789831021246,428.5049743652344,29749100,402.251220703125,False,-26.253753662109375,26.253753662109375
2024-10-31,411.4947067107268,412.2872801691042,402.51902015050615,402.5685729980469,53971000,403.89276123046875,False,1.324188232421875,1.324188232421875
2024-11-01,405.20384836550784,411.63344411141696,403.7078904341815,406.5511779785156,24230400,405.27203369140625,False,-1.279144287109375,1.279144287109375
2024-11-04,405.9864927352767,406.600748568275,401.795875395107,404.6589660644531,19672300,405.2921142578125,False,0.633148193359375,0.633148193359375
2024-11-05,404.5698009147436,411.0390330760231,404.28249112047496,407.6310424804688,17626000,404.2123718261719,False,-3.418670654296932,3.418670654296932
2024-11-06,408.5821007827268,416.5373737173725,406.6997576825849,416.2698669433594,26681800,402.61712646484375,False,-13.652740478515625,13.652740478515625
2024-11-07,417.3596638124742,422.8778379270892,415.9726979378319,421.4710388183594,19901800,401.3267822265625,False,-20.144256591796875,20.144256591796875
2024-11-08,421.3620693729889,422.5310812867246,417.8550033981939,418.6079406738281,16891400,400.48675537109375,False,-18.121185302734375,18.121185302734375
2024-11-11,418.5881585869113,420.8568570743008,412.1288424215133,414.1201477050781,24503300,399.9803466796875,False,-14.139801025390625,14.139801025390625
2024-11-12,414.3578665238478,420.4902662976637,413.317649663667,419.0933837890625,19401200,399.84918212890625,False,-19.24420166015625,19.24420166015625
2024-11-13,417.716295312302,425.33470549985367,414.3181914052048,421.2431640625,21502200,399.71630859375,False,-21.52685546875,21.52685546875
2024-11-14,421.04505383486753,424.1855678921326,416.0915826132808,422.91748046875,30246900,399.798828125,False,-23.11865234375,23.11865234375
2024-11-15,415.91324532993855,418.86549468955633,409.7907624442804,411.1380920410156,28247600,400.3638916015625,False,-10.774200439453125,10.774200439453125
2024-11-18,411.0093198489206,414.50646935219214,408.2651076525754,411.89105224609375,24727000,400.7865295410156,False,-11.104522705078125,11.104522705078125
2024-11-19,409.26565838479394,414.0507282073073,407.7201778819365,413.9021301269531,18133500,400.75408935546875,False,-13.148040771484375,13.148040771484375
2024-11-20,412.9906980283946,413.40680290697327,406.7592228682752,411.62353515625,19191700,400.2894592285156,False,-11.334075927734375,11.334075927734375
2024-11-21,416.4281041493026,416.7060525660529,407.2855552080167,409.8466491699219,20780200,399.6064453125,False,-10.240203857421875,10.240203857421875
2024-11-22,408.3576032912864,414.3434454251094,408.04987579157546,413.9463806152344,24814600,399.0329895019531,False,-14.91339111328125,14.91339111328125
2024-11-25,415.3162958278843,417.99650611752486,411.812146489521,415.7232971191406,27691100,398.5884094238281,False,-17.1348876953125,17.1348876953125
2024-11-26,416.5174436728799,425.8982558025869,415.78287220202776,424.8559265136719,23458900,398.5388488769531,False,-26.31707763671875,26.31707763671875
2024-11-27,421.9969878965425,424.10148899734514,418.929618998767,419.89251708984375,18332400,398.8048095703125,False,-21.08770751953125,21.08770751953125
2024-11-29,417.0137525773511,421.7686847480968,414.7405133546205,420.3590698242188,16271900,399.2470397949219,False,-21.112030029296932,21.112030029296932
2024-12-02,418.48293944626425,429.829232706476,418.22483367708463,427.8240356445313,20207200,399.6264343261719,False,-28.197601318359432,28.197601318359432
2024-12-03,426.6923626928357,429.3031085678167,424.6077345204632,428.04241943359375,18302000,400.0692138671875,False,-27.97320556640625,27.97320556640625
2024-12-04,429.8590208353051,436.45041220115866,429.4619560010729,434.2168884277344,26009400,400.7763366699219,False,-33.4405517578125,33.4405517578125
2024-12-05,434.71321944433936,441.4038541812057,432.9760343176013,439.3787841796875,21697800,402.1463623046875,False,-37.232421875,37.232421875
2024-12-06,439.0611493611207,442.8333412061791,438.5350316138442,440.3218688964844,18821000,403.915283203125,False,-36.406585693359375,36.406585693359375
2024-12-09,439.35893665859504,445.0469576507044,437.2743084708553,442.7538757324219,19144400,405.8264465332031,False,-36.92742919921875,36.92742919921875
2024-12-10,441.1358839824072,446.3275669213633,438.3663058073524,440.0836181640625,18469500,407.7463684082031,False,-32.337249755859375,32.337249755859375
2024-12-11,440.7983204027772,447.0522052493872,440.7983204027772,445.7021484375,19200200,409.6630554199219,False,-36.039093017578125,36.039093017578125
2024-12-12,445.8212579806136,452.8196506561494,445.8212579806136,446.2679748535156,20834800,411.4792785644531,False,-34.7886962890625,34.7886962890625
2024-12-13,445.15616611270633,448.124261247401,442.3170935669994,443.9947204589844,20177800,413.4689025878906,False,-30.52581787109375,30.52581787109375
2024-12-16,443.99473862109255,448.8687875090904,442.01932060586137,448.2831115722656,23598800,415.27099609375,False,-33.012115478515625,33.012115478515625
2024-12-17,447.70736185197006,451.9560191338881,446.2779042343056,451.132080078125,22733500,416.9065856933594,False,-34.225494384765625,34.225494384765625
2024-12-18,448.0150896587636,449.3353370303597,433.8197872534811,434.1871032714844,24444500,418.4542541503906,False,-15.73284912109375,15.73284912109375
2024-12-19,438.3860965890634,439.9346705847199,433.1249195902441,433.8297119140625,22963700,419.5827941894531,False,-14.246917724609375,14.246917724609375
2024-12-20,429.9384591402834,440.4906238895222,425.49128413888167,433.4029235839844,64263700,420.05340576171875,False,-13.349517822265625,13.349517822265625
2024-12-23,433.5418234500031,434.44516332232695,429.6604520270257,432.062744140625,19152500,421.0551452636719,False,-11.007598876953125,11.007598876953125
2024-12-24,431.4671320524487,436.3808962318657,431.010509030067,436.1128540039063,7164500,420.8335266113281,False,-15.279327392578182,15.279327392578182
2024-12-26,435.8647231164583,437.7111185947039,433.4326819773249,434.9018249511719,8194200,419.5768737792969,False,-15.324951171875,15.324951171875
2024-12-27,431.4175228637617,432.0329778888151,423.2279358558446,427.3773193359375,18117700,418.03472900390625,False,-9.34259033203125,9.34259033203125
2024-12-30,422.940089683055,424.419169171776,418.8105484634703,421.7190856933594,13158700,416.46514892578125,False,-5.253936767578125,5.253936767578125
